trial,trial_dir,seed_base,trial_seed_master
1,/project/data/scenario1/bootstrap/trial_0001,4869,14869
2,/project/data/scenario1/bootstrap/trial_0002,4869,24869
3,/project/data/scenario1/bootstrap/trial_0003,4869,34869
4,/project/data/scenario1/bootstrap/trial_0004,4869,44869
5,/project/data/scenario1/bootstrap/trial_0005,4869,54869
6,/project/data/scenario1/bootstrap/trial_0006,4869,64869
7,/project/data/scenario1/bootstrap/trial_0007,4869,74869
8,/project/data/scenario1/bootstrap/trial_0008,4869,84869
9,/project/data/scenario1/bootstrap/trial_0009,4869,94869
10,/project/data/scenario1/bootstrap/trial_0010,4869,104869
11,/project/data/scenario1/bootstrap/trial_0011,4869,114869
12,/project/data/scenario1/bootstrap/trial_0012,4869,124869
13,/project/data/scenario1/bootstrap/trial_0013,4869,134869
14,/project/data/scenario1/bootstrap/trial_0014,4869,144869
15,/project/data/scenario1/bootstrap/trial_0015,4869,154869
16,/project/data/scenario1/bootstrap/trial_0016,4869,164869
17,/project/data/scenario1/bootstrap/trial_0017,4869,174869
18,/project/data/scenario1/bootstrap/trial_0018,4869,184869
19,/project/data/scenario1/bootstrap/trial_0019,4869,194869
20,/project/data/scenario1/bootstrap/trial_0020,4869,204869
21,/project/data/scenario1/bootstrap/trial_0021,4869,214869
22,/project/data/scenario1/bootstrap/trial_0022,4869,224869
23,/project/data/scenario1/bootstrap/trial_0023,4869,234869
24,/project/data/scenario1/bootstrap/trial_0024,4869,244869
25,/project/data/scenario1/bootstrap/trial_0025,4869,254869
26,/project/data/scenario1/bootstrap/trial_0026,4869,264869
27,/project/data/scenario1/bootstrap/trial_0027,4869,274869
28,/project/data/scenario1/bootstrap/trial_0028,4869,284869
29,/project/data/scenario1/bootstrap/trial_0029,4869,294869
30,/project/data/scenario1/bootstrap/trial_0030,4869,304869
31,/project/data/scenario1/bootstrap/trial_0031,4869,314869
32,/project/data/scenario1/bootstrap/trial_0032,4869,324869
33,/project/data/scenario1/bootstrap/trial_0033,4869,334869
34,/project/data/scenario1/bootstrap/trial_0034,4869,344869
35,/project/data/scenario1/bootstrap/trial_0035,4869,354869
36,/project/data/scenario1/bootstrap/trial_0036,4869,364869
37,/project/data/scenario1/bootstrap/trial_0037,4869,374869
38,/project/data/scenario1/bootstrap/trial_0038,4869,384869
39,/project/data/scenario1/bootstrap/trial_0039,4869,394869
40,/project/data/scenario1/bootstrap/trial_0040,4869,404869
41,/project/data/scenario1/bootstrap/trial_0041,4869,414869
42,/project/data/scenario1/bootstrap/trial_0042,4869,424869
43,/project/data/scenario1/bootstrap/trial_0043,4869,434869
44,/project/data/scenario1/bootstrap/trial_0044,4869,444869
45,/project/data/scenario1/bootstrap/trial_0045,4869,454869
46,/project/data/scenario1/bootstrap/trial_0046,4869,464869
47,/project/data/scenario1/bootstrap/trial_0047,4869,474869
48,/project/data/scenario1/bootstrap/trial_0048,4869,484869
49,/project/data/scenario1/bootstrap/trial_0049,4869,494869
50,/project/data/scenario1/bootstrap/trial_0050,4869,504869
51,/project/data/scenario1/bootstrap/trial_0051,4869,514869
52,/project/data/scenario1/bootstrap/trial_0052,4869,524869
53,/project/data/scenario1/bootstrap/trial_0053,4869,534869
54,/project/data/scenario1/bootstrap/trial_0054,4869,544869
55,/project/data/scenario1/bootstrap/trial_0055,4869,554869
56,/project/data/scenario1/bootstrap/trial_0056,4869,564869
57,/project/data/scenario1/bootstrap/trial_0057,4869,574869
58,/project/data/scenario1/bootstrap/trial_0058,4869,584869
59,/project/data/scenario1/bootstrap/trial_0059,4869,594869
60,/project/data/scenario1/bootstrap/trial_0060,4869,604869
61,/project/data/scenario1/bootstrap/trial_0061,4869,614869
62,/project/data/scenario1/bootstrap/trial_0062,4869,624869
63,/project/data/scenario1/bootstrap/trial_0063,4869,634869
64,/project/data/scenario1/bootstrap/trial_0064,4869,644869
65,/project/data/scenario1/bootstrap/trial_0065,4869,654869
66,/project/data/scenario1/bootstrap/trial_0066,4869,664869
67,/project/data/scenario1/bootstrap/trial_0067,4869,674869
68,/project/data/scenario1/bootstrap/trial_0068,4869,684869
69,/project/data/scenario1/bootstrap/trial_0069,4869,694869
70,/project/data/scenario1/bootstrap/trial_0070,4869,704869
71,/project/data/scenario1/bootstrap/trial_0071,4869,714869
72,/project/data/scenario1/bootstrap/trial_0072,4869,724869
73,/project/data/scenario1/bootstrap/trial_0073,4869,734869
74,/project/data/scenario1/bootstrap/trial_0074,4869,744869
75,/project/data/scenario1/bootstrap/trial_0075,4869,754869
76,/project/data/scenario1/bootstrap/trial_0076,4869,764869
77,/project/data/scenario1/bootstrap/trial_0077,4869,774869
78,/project/data/scenario1/bootstrap/trial_0078,4869,784869
79,/project/data/scenario1/bootstrap/trial_0079,4869,794869
80,/project/data/scenario1/bootstrap/trial_0080,4869,804869
81,/project/data/scenario1/bootstrap/trial_0081,4869,814869
82,/project/data/scenario1/bootstrap/trial_0082,4869,824869
83,/project/data/scenario1/bootstrap/trial_0083,4869,834869
84,/project/data/scenario1/bootstrap/trial_0084,4869,844869
85,/project/data/scenario1/bootstrap/trial_0085,4869,854869
86,/project/data/scenario1/bootstrap/trial_0086,4869,864869
87,/project/data/scenario1/bootstrap/trial_0087,4869,874869
88,/project/data/scenario1/bootstrap/trial_0088,4869,884869
89,/project/data/scenario1/bootstrap/trial_0089,4869,894869
90,/project/data/scenario1/bootstrap/trial_0090,4869,904869
91,/project/data/scenario1/bootstrap/trial_0091,4869,914869
92,/project/data/scenario1/bootstrap/trial_0092,4869,924869
93,/project/data/scenario1/bootstrap/trial_0093,4869,934869
94,/project/data/scenario1/bootstrap/trial_0094,4869,944869
95,/project/data/scenario1/bootstrap/trial_0095,4869,954869
96,/project/data/scenario1/bootstrap/trial_0096,4869,964869
97,/project/data/scenario1/bootstrap/trial_0097,4869,974869
98,/project/data/scenario1/bootstrap/trial_0098,4869,984869
99,/project/data/scenario1/bootstrap/trial_0099,4869,994869
100,/project/data/scenario1/bootstrap/trial_0100,4869,1004869
101,/project/data/scenario1/bootstrap/trial_0101,4869,1014869
102,/project/data/scenario1/bootstrap/trial_0102,4869,1024869
103,/project/data/scenario1/bootstrap/trial_0103,4869,1034869
104,/project/data/scenario1/bootstrap/trial_0104,4869,1044869
105,/project/data/scenario1/bootstrap/trial_0105,4869,1054869
106,/project/data/scenario1/bootstrap/trial_0106,4869,1064869
107,/project/data/scenario1/bootstrap/trial_0107,4869,1074869
108,/project/data/scenario1/bootstrap/trial_0108,4869,1084869
109,/project/data/scenario1/bootstrap/trial_0109,4869,1094869
110,/project/data/scenario1/bootstrap/trial_0110,4869,1104869
111,/project/data/scenario1/bootstrap/trial_0111,4869,1114869
112,/project/data/scenario1/bootstrap/trial_0112,4869,1124869
113,/project/data/scenario1/bootstrap/trial_0113,4869,1134869
114,/project/data/scenario1/bootstrap/trial_0114,4869,1144869
115,/project/data/scenario1/bootstrap/trial_0115,4869,1154869
116,/project/data/scenario1/bootstrap/trial_0116,4869,1164869
117,/project/data/scenario1/bootstrap/trial_0117,4869,1174869
118,/project/data/scenario1/bootstrap/trial_0118,4869,1184869
119,/project/data/scenario1/bootstrap/trial_0119,4869,1194869
120,/project/data/scenario1/bootstrap/trial_0120,4869,1204869
121,/project/data/scenario1/bootstrap/trial_0121,4869,1214869
122,/project/data/scenario1/bootstrap/trial_0122,4869,1224869
123,/project/data/scenario1/bootstrap/trial_0123,4869,1234869
124,/project/data/scenario1/bootstrap/trial_0124,4869,1244869
125,/project/data/scenario1/bootstrap/trial_0125,4869,1254869
126,/project/data/scenario1/bootstrap/trial_0126,4869,1264869
127,/project/data/scenario1/bootstrap/trial_0127,4869,1274869
128,/project/data/scenario1/bootstrap/trial_0128,4869,1284869
129,/project/data/scenario1/bootstrap/trial_0129,4869,1294869
130,/project/data/scenario1/bootstrap/trial_0130,4869,1304869
131,/project/data/scenario1/bootstrap/trial_0131,4869,1314869
132,/project/data/scenario1/bootstrap/trial_0132,4869,1324869
133,/project/data/scenario1/bootstrap/trial_0133,4869,1334869
134,/project/data/scenario1/bootstrap/trial_0134,4869,1344869
135,/project/data/scenario1/bootstrap/trial_0135,4869,1354869
136,/project/data/scenario1/bootstrap/trial_0136,4869,1364869
137,/project/data/scenario1/bootstrap/trial_0137,4869,1374869
138,/project/data/scenario1/bootstrap/trial_0138,4869,1384869
139,/project/data/scenario1/bootstrap/trial_0139,4869,1394869
140,/project/data/scenario1/bootstrap/trial_0140,4869,1404869
141,/project/data/scenario1/bootstrap/trial_0141,4869,1414869
142,/project/data/scenario1/bootstrap/trial_0142,4869,1424869
143,/project/data/scenario1/bootstrap/trial_0143,4869,1434869
144,/project/data/scenario1/bootstrap/trial_0144,4869,1444869
145,/project/data/scenario1/bootstrap/trial_0145,4869,1454869
146,/project/data/scenario1/bootstrap/trial_0146,4869,1464869
147,/project/data/scenario1/bootstrap/trial_0147,4869,1474869
148,/project/data/scenario1/bootstrap/trial_0148,4869,1484869
149,/project/data/scenario1/bootstrap/trial_0149,4869,1494869
150,/project/data/scenario1/bootstrap/trial_0150,4869,1504869
151,/project/data/scenario1/bootstrap/trial_0151,4869,1514869
152,/project/data/scenario1/bootstrap/trial_0152,4869,1524869
153,/project/data/scenario1/bootstrap/trial_0153,4869,1534869
154,/project/data/scenario1/bootstrap/trial_0154,4869,1544869
155,/project/data/scenario1/bootstrap/trial_0155,4869,1554869
156,/project/data/scenario1/bootstrap/trial_0156,4869,1564869
157,/project/data/scenario1/bootstrap/trial_0157,4869,1574869
158,/project/data/scenario1/bootstrap/trial_0158,4869,1584869
159,/project/data/scenario1/bootstrap/trial_0159,4869,1594869
160,/project/data/scenario1/bootstrap/trial_0160,4869,1604869
161,/project/data/scenario1/bootstrap/trial_0161,4869,1614869
162,/project/data/scenario1/bootstrap/trial_0162,4869,1624869
163,/project/data/scenario1/bootstrap/trial_0163,4869,1634869
164,/project/data/scenario1/bootstrap/trial_0164,4869,1644869
165,/project/data/scenario1/bootstrap/trial_0165,4869,1654869
166,/project/data/scenario1/bootstrap/trial_0166,4869,1664869
167,/project/data/scenario1/bootstrap/trial_0167,4869,1674869
168,/project/data/scenario1/bootstrap/trial_0168,4869,1684869
169,/project/data/scenario1/bootstrap/trial_0169,4869,1694869
170,/project/data/scenario1/bootstrap/trial_0170,4869,1704869
171,/project/data/scenario1/bootstrap/trial_0171,4869,1714869
172,/project/data/scenario1/bootstrap/trial_0172,4869,1724869
173,/project/data/scenario1/bootstrap/trial_0173,4869,1734869
174,/project/data/scenario1/bootstrap/trial_0174,4869,1744869
175,/project/data/scenario1/bootstrap/trial_0175,4869,1754869
176,/project/data/scenario1/bootstrap/trial_0176,4869,1764869
177,/project/data/scenario1/bootstrap/trial_0177,4869,1774869
178,/project/data/scenario1/bootstrap/trial_0178,4869,1784869
179,/project/data/scenario1/bootstrap/trial_0179,4869,1794869
180,/project/data/scenario1/bootstrap/trial_0180,4869,1804869
181,/project/data/scenario1/bootstrap/trial_0181,4869,1814869
182,/project/data/scenario1/bootstrap/trial_0182,4869,1824869
183,/project/data/scenario1/bootstrap/trial_0183,4869,1834869
184,/project/data/scenario1/bootstrap/trial_0184,4869,1844869
185,/project/data/scenario1/bootstrap/trial_0185,4869,1854869
186,/project/data/scenario1/bootstrap/trial_0186,4869,1864869
187,/project/data/scenario1/bootstrap/trial_0187,4869,1874869
188,/project/data/scenario1/bootstrap/trial_0188,4869,1884869
189,/project/data/scenario1/bootstrap/trial_0189,4869,1894869
190,/project/data/scenario1/bootstrap/trial_0190,4869,1904869
191,/project/data/scenario1/bootstrap/trial_0191,4869,1914869
192,/project/data/scenario1/bootstrap/trial_0192,4869,1924869
193,/project/data/scenario1/bootstrap/trial_0193,4869,1934869
194,/project/data/scenario1/bootstrap/trial_0194,4869,1944869
195,/project/data/scenario1/bootstrap/trial_0195,4869,1954869
196,/project/data/scenario1/bootstrap/trial_0196,4869,1964869
197,/project/data/scenario1/bootstrap/trial_0197,4869,1974869
198,/project/data/scenario1/bootstrap/trial_0198,4869,1984869
199,/project/data/scenario1/bootstrap/trial_0199,4869,1994869
200,/project/data/scenario1/bootstrap/trial_0200,4869,2004869
201,/project/data/scenario1/bootstrap/trial_0201,4869,2014869
202,/project/data/scenario1/bootstrap/trial_0202,4869,2024869
203,/project/data/scenario1/bootstrap/trial_0203,4869,2034869
204,/project/data/scenario1/bootstrap/trial_0204,4869,2044869
205,/project/data/scenario1/bootstrap/trial_0205,4869,2054869
206,/project/data/scenario1/bootstrap/trial_0206,4869,2064869
207,/project/data/scenario1/bootstrap/trial_0207,4869,2074869
208,/project/data/scenario1/bootstrap/trial_0208,4869,2084869
209,/project/data/scenario1/bootstrap/trial_0209,4869,2094869
210,/project/data/scenario1/bootstrap/trial_0210,4869,2104869
211,/project/data/scenario1/bootstrap/trial_0211,4869,2114869
212,/project/data/scenario1/bootstrap/trial_0212,4869,2124869
213,/project/data/scenario1/bootstrap/trial_0213,4869,2134869
214,/project/data/scenario1/bootstrap/trial_0214,4869,2144869
215,/project/data/scenario1/bootstrap/trial_0215,4869,2154869
216,/project/data/scenario1/bootstrap/trial_0216,4869,2164869
217,/project/data/scenario1/bootstrap/trial_0217,4869,2174869
218,/project/data/scenario1/bootstrap/trial_0218,4869,2184869
219,/project/data/scenario1/bootstrap/trial_0219,4869,2194869
220,/project/data/scenario1/bootstrap/trial_0220,4869,2204869
221,/project/data/scenario1/bootstrap/trial_0221,4869,2214869
222,/project/data/scenario1/bootstrap/trial_0222,4869,2224869
223,/project/data/scenario1/bootstrap/trial_0223,4869,2234869
224,/project/data/scenario1/bootstrap/trial_0224,4869,2244869
225,/project/data/scenario1/bootstrap/trial_0225,4869,2254869
226,/project/data/scenario1/bootstrap/trial_0226,4869,2264869
227,/project/data/scenario1/bootstrap/trial_0227,4869,2274869
228,/project/data/scenario1/bootstrap/trial_0228,4869,2284869
229,/project/data/scenario1/bootstrap/trial_0229,4869,2294869
230,/project/data/scenario1/bootstrap/trial_0230,4869,2304869
231,/project/data/scenario1/bootstrap/trial_0231,4869,2314869
232,/project/data/scenario1/bootstrap/trial_0232,4869,2324869
233,/project/data/scenario1/bootstrap/trial_0233,4869,2334869
234,/project/data/scenario1/bootstrap/trial_0234,4869,2344869
235,/project/data/scenario1/bootstrap/trial_0235,4869,2354869
236,/project/data/scenario1/bootstrap/trial_0236,4869,2364869
237,/project/data/scenario1/bootstrap/trial_0237,4869,2374869
238,/project/data/scenario1/bootstrap/trial_0238,4869,2384869
239,/project/data/scenario1/bootstrap/trial_0239,4869,2394869
240,/project/data/scenario1/bootstrap/trial_0240,4869,2404869
241,/project/data/scenario1/bootstrap/trial_0241,4869,2414869
242,/project/data/scenario1/bootstrap/trial_0242,4869,2424869
243,/project/data/scenario1/bootstrap/trial_0243,4869,2434869
244,/project/data/scenario1/bootstrap/trial_0244,4869,2444869
245,/project/data/scenario1/bootstrap/trial_0245,4869,2454869
246,/project/data/scenario1/bootstrap/trial_0246,4869,2464869
247,/project/data/scenario1/bootstrap/trial_0247,4869,2474869
248,/project/data/scenario1/bootstrap/trial_0248,4869,2484869
249,/project/data/scenario1/bootstrap/trial_0249,4869,2494869
250,/project/data/scenario1/bootstrap/trial_0250,4869,2504869
251,/project/data/scenario1/bootstrap/trial_0251,4869,2514869
252,/project/data/scenario1/bootstrap/trial_0252,4869,2524869
253,/project/data/scenario1/bootstrap/trial_0253,4869,2534869
254,/project/data/scenario1/bootstrap/trial_0254,4869,2544869
255,/project/data/scenario1/bootstrap/trial_0255,4869,2554869
256,/project/data/scenario1/bootstrap/trial_0256,4869,2564869
257,/project/data/scenario1/bootstrap/trial_0257,4869,2574869
258,/project/data/scenario1/bootstrap/trial_0258,4869,2584869
259,/project/data/scenario1/bootstrap/trial_0259,4869,2594869
260,/project/data/scenario1/bootstrap/trial_0260,4869,2604869
261,/project/data/scenario1/bootstrap/trial_0261,4869,2614869
262,/project/data/scenario1/bootstrap/trial_0262,4869,2624869
263,/project/data/scenario1/bootstrap/trial_0263,4869,2634869
264,/project/data/scenario1/bootstrap/trial_0264,4869,2644869
265,/project/data/scenario1/bootstrap/trial_0265,4869,2654869
266,/project/data/scenario1/bootstrap/trial_0266,4869,2664869
267,/project/data/scenario1/bootstrap/trial_0267,4869,2674869
268,/project/data/scenario1/bootstrap/trial_0268,4869,2684869
269,/project/data/scenario1/bootstrap/trial_0269,4869,2694869
270,/project/data/scenario1/bootstrap/trial_0270,4869,2704869
271,/project/data/scenario1/bootstrap/trial_0271,4869,2714869
272,/project/data/scenario1/bootstrap/trial_0272,4869,2724869
273,/project/data/scenario1/bootstrap/trial_0273,4869,2734869
274,/project/data/scenario1/bootstrap/trial_0274,4869,2744869
275,/project/data/scenario1/bootstrap/trial_0275,4869,2754869
276,/project/data/scenario1/bootstrap/trial_0276,4869,2764869
277,/project/data/scenario1/bootstrap/trial_0277,4869,2774869
278,/project/data/scenario1/bootstrap/trial_0278,4869,2784869
279,/project/data/scenario1/bootstrap/trial_0279,4869,2794869
280,/project/data/scenario1/bootstrap/trial_0280,4869,2804869
281,/project/data/scenario1/bootstrap/trial_0281,4869,2814869
282,/project/data/scenario1/bootstrap/trial_0282,4869,2824869
283,/project/data/scenario1/bootstrap/trial_0283,4869,2834869
284,/project/data/scenario1/bootstrap/trial_0284,4869,2844869
285,/project/data/scenario1/bootstrap/trial_0285,4869,2854869
286,/project/data/scenario1/bootstrap/trial_0286,4869,2864869
287,/project/data/scenario1/bootstrap/trial_0287,4869,2874869
288,/project/data/scenario1/bootstrap/trial_0288,4869,2884869
289,/project/data/scenario1/bootstrap/trial_0289,4869,2894869
290,/project/data/scenario1/bootstrap/trial_0290,4869,2904869
291,/project/data/scenario1/bootstrap/trial_0291,4869,2914869
292,/project/data/scenario1/bootstrap/trial_0292,4869,2924869
293,/project/data/scenario1/bootstrap/trial_0293,4869,2934869
294,/project/data/scenario1/bootstrap/trial_0294,4869,2944869
295,/project/data/scenario1/bootstrap/trial_0295,4869,2954869
296,/project/data/scenario1/bootstrap/trial_0296,4869,2964869
297,/project/data/scenario1/bootstrap/trial_0297,4869,2974869
298,/project/data/scenario1/bootstrap/trial_0298,4869,2984869
299,/project/data/scenario1/bootstrap/trial_0299,4869,2994869
300,/project/data/scenario1/bootstrap/trial_0300,4869,3004869
301,/project/data/scenario1/bootstrap/trial_0301,4869,3014869
302,/project/data/scenario1/bootstrap/trial_0302,4869,3024869
303,/project/data/scenario1/bootstrap/trial_0303,4869,3034869
304,/project/data/scenario1/bootstrap/trial_0304,4869,3044869
305,/project/data/scenario1/bootstrap/trial_0305,4869,3054869
306,/project/data/scenario1/bootstrap/trial_0306,4869,3064869
307,/project/data/scenario1/bootstrap/trial_0307,4869,3074869
308,/project/data/scenario1/bootstrap/trial_0308,4869,3084869
309,/project/data/scenario1/bootstrap/trial_0309,4869,3094869
310,/project/data/scenario1/bootstrap/trial_0310,4869,3104869
311,/project/data/scenario1/bootstrap/trial_0311,4869,3114869
312,/project/data/scenario1/bootstrap/trial_0312,4869,3124869
313,/project/data/scenario1/bootstrap/trial_0313,4869,3134869
314,/project/data/scenario1/bootstrap/trial_0314,4869,3144869
315,/project/data/scenario1/bootstrap/trial_0315,4869,3154869
316,/project/data/scenario1/bootstrap/trial_0316,4869,3164869
317,/project/data/scenario1/bootstrap/trial_0317,4869,3174869
318,/project/data/scenario1/bootstrap/trial_0318,4869,3184869
319,/project/data/scenario1/bootstrap/trial_0319,4869,3194869
320,/project/data/scenario1/bootstrap/trial_0320,4869,3204869
321,/project/data/scenario1/bootstrap/trial_0321,4869,3214869
322,/project/data/scenario1/bootstrap/trial_0322,4869,3224869
323,/project/data/scenario1/bootstrap/trial_0323,4869,3234869
324,/project/data/scenario1/bootstrap/trial_0324,4869,3244869
325,/project/data/scenario1/bootstrap/trial_0325,4869,3254869
326,/project/data/scenario1/bootstrap/trial_0326,4869,3264869
327,/project/data/scenario1/bootstrap/trial_0327,4869,3274869
328,/project/data/scenario1/bootstrap/trial_0328,4869,3284869
329,/project/data/scenario1/bootstrap/trial_0329,4869,3294869
330,/project/data/scenario1/bootstrap/trial_0330,4869,3304869
331,/project/data/scenario1/bootstrap/trial_0331,4869,3314869
332,/project/data/scenario1/bootstrap/trial_0332,4869,3324869
333,/project/data/scenario1/bootstrap/trial_0333,4869,3334869
334,/project/data/scenario1/bootstrap/trial_0334,4869,3344869
335,/project/data/scenario1/bootstrap/trial_0335,4869,3354869
336,/project/data/scenario1/bootstrap/trial_0336,4869,3364869
337,/project/data/scenario1/bootstrap/trial_0337,4869,3374869
338,/project/data/scenario1/bootstrap/trial_0338,4869,3384869
339,/project/data/scenario1/bootstrap/trial_0339,4869,3394869
340,/project/data/scenario1/bootstrap/trial_0340,4869,3404869
341,/project/data/scenario1/bootstrap/trial_0341,4869,3414869
342,/project/data/scenario1/bootstrap/trial_0342,4869,3424869
343,/project/data/scenario1/bootstrap/trial_0343,4869,3434869
344,/project/data/scenario1/bootstrap/trial_0344,4869,3444869
345,/project/data/scenario1/bootstrap/trial_0345,4869,3454869
346,/project/data/scenario1/bootstrap/trial_0346,4869,3464869
347,/project/data/scenario1/bootstrap/trial_0347,4869,3474869
348,/project/data/scenario1/bootstrap/trial_0348,4869,3484869
349,/project/data/scenario1/bootstrap/trial_0349,4869,3494869
350,/project/data/scenario1/bootstrap/trial_0350,4869,3504869
351,/project/data/scenario1/bootstrap/trial_0351,4869,3514869
352,/project/data/scenario1/bootstrap/trial_0352,4869,3524869
353,/project/data/scenario1/bootstrap/trial_0353,4869,3534869
354,/project/data/scenario1/bootstrap/trial_0354,4869,3544869
355,/project/data/scenario1/bootstrap/trial_0355,4869,3554869
356,/project/data/scenario1/bootstrap/trial_0356,4869,3564869
357,/project/data/scenario1/bootstrap/trial_0357,4869,3574869
358,/project/data/scenario1/bootstrap/trial_0358,4869,3584869
359,/project/data/scenario1/bootstrap/trial_0359,4869,3594869
360,/project/data/scenario1/bootstrap/trial_0360,4869,3604869
361,/project/data/scenario1/bootstrap/trial_0361,4869,3614869
362,/project/data/scenario1/bootstrap/trial_0362,4869,3624869
363,/project/data/scenario1/bootstrap/trial_0363,4869,3634869
364,/project/data/scenario1/bootstrap/trial_0364,4869,3644869
365,/project/data/scenario1/bootstrap/trial_0365,4869,3654869
366,/project/data/scenario1/bootstrap/trial_0366,4869,3664869
367,/project/data/scenario1/bootstrap/trial_0367,4869,3674869
368,/project/data/scenario1/bootstrap/trial_0368,4869,3684869
369,/project/data/scenario1/bootstrap/trial_0369,4869,3694869
370,/project/data/scenario1/bootstrap/trial_0370,4869,3704869
371,/project/data/scenario1/bootstrap/trial_0371,4869,3714869
372,/project/data/scenario1/bootstrap/trial_0372,4869,3724869
373,/project/data/scenario1/bootstrap/trial_0373,4869,3734869
374,/project/data/scenario1/bootstrap/trial_0374,4869,3744869
375,/project/data/scenario1/bootstrap/trial_0375,4869,3754869
376,/project/data/scenario1/bootstrap/trial_0376,4869,3764869
377,/project/data/scenario1/bootstrap/trial_0377,4869,3774869
378,/project/data/scenario1/bootstrap/trial_0378,4869,3784869
379,/project/data/scenario1/bootstrap/trial_0379,4869,3794869
380,/project/data/scenario1/bootstrap/trial_0380,4869,3804869
381,/project/data/scenario1/bootstrap/trial_0381,4869,3814869
382,/project/data/scenario1/bootstrap/trial_0382,4869,3824869
383,/project/data/scenario1/bootstrap/trial_0383,4869,3834869
384,/project/data/scenario1/bootstrap/trial_0384,4869,3844869
385,/project/data/scenario1/bootstrap/trial_0385,4869,3854869
386,/project/data/scenario1/bootstrap/trial_0386,4869,3864869
387,/project/data/scenario1/bootstrap/trial_0387,4869,3874869
388,/project/data/scenario1/bootstrap/trial_0388,4869,3884869
389,/project/data/scenario1/bootstrap/trial_0389,4869,3894869
390,/project/data/scenario1/bootstrap/trial_0390,4869,3904869
391,/project/data/scenario1/bootstrap/trial_0391,4869,3914869
392,/project/data/scenario1/bootstrap/trial_0392,4869,3924869
393,/project/data/scenario1/bootstrap/trial_0393,4869,3934869
394,/project/data/scenario1/bootstrap/trial_0394,4869,3944869
395,/project/data/scenario1/bootstrap/trial_0395,4869,3954869
396,/project/data/scenario1/bootstrap/trial_0396,4869,3964869
397,/project/data/scenario1/bootstrap/trial_0397,4869,3974869
398,/project/data/scenario1/bootstrap/trial_0398,4869,3984869
399,/project/data/scenario1/bootstrap/trial_0399,4869,3994869
400,/project/data/scenario1/bootstrap/trial_0400,4869,4004869
401,/project/data/scenario1/bootstrap/trial_0401,4869,4014869
402,/project/data/scenario1/bootstrap/trial_0402,4869,4024869
403,/project/data/scenario1/bootstrap/trial_0403,4869,4034869
404,/project/data/scenario1/bootstrap/trial_0404,4869,4044869
405,/project/data/scenario1/bootstrap/trial_0405,4869,4054869
406,/project/data/scenario1/bootstrap/trial_0406,4869,4064869
407,/project/data/scenario1/bootstrap/trial_0407,4869,4074869
408,/project/data/scenario1/bootstrap/trial_0408,4869,4084869
409,/project/data/scenario1/bootstrap/trial_0409,4869,4094869
410,/project/data/scenario1/bootstrap/trial_0410,4869,4104869
411,/project/data/scenario1/bootstrap/trial_0411,4869,4114869
412,/project/data/scenario1/bootstrap/trial_0412,4869,4124869
413,/project/data/scenario1/bootstrap/trial_0413,4869,4134869
414,/project/data/scenario1/bootstrap/trial_0414,4869,4144869
415,/project/data/scenario1/bootstrap/trial_0415,4869,4154869
416,/project/data/scenario1/bootstrap/trial_0416,4869,4164869
417,/project/data/scenario1/bootstrap/trial_0417,4869,4174869
418,/project/data/scenario1/bootstrap/trial_0418,4869,4184869
419,/project/data/scenario1/bootstrap/trial_0419,4869,4194869
420,/project/data/scenario1/bootstrap/trial_0420,4869,4204869
421,/project/data/scenario1/bootstrap/trial_0421,4869,4214869
422,/project/data/scenario1/bootstrap/trial_0422,4869,4224869
423,/project/data/scenario1/bootstrap/trial_0423,4869,4234869
424,/project/data/scenario1/bootstrap/trial_0424,4869,4244869
425,/project/data/scenario1/bootstrap/trial_0425,4869,4254869
426,/project/data/scenario1/bootstrap/trial_0426,4869,4264869
427,/project/data/scenario1/bootstrap/trial_0427,4869,4274869
428,/project/data/scenario1/bootstrap/trial_0428,4869,4284869
429,/project/data/scenario1/bootstrap/trial_0429,4869,4294869
430,/project/data/scenario1/bootstrap/trial_0430,4869,4304869
431,/project/data/scenario1/bootstrap/trial_0431,4869,4314869
432,/project/data/scenario1/bootstrap/trial_0432,4869,4324869
433,/project/data/scenario1/bootstrap/trial_0433,4869,4334869
434,/project/data/scenario1/bootstrap/trial_0434,4869,4344869
435,/project/data/scenario1/bootstrap/trial_0435,4869,4354869
436,/project/data/scenario1/bootstrap/trial_0436,4869,4364869
437,/project/data/scenario1/bootstrap/trial_0437,4869,4374869
438,/project/data/scenario1/bootstrap/trial_0438,4869,4384869
439,/project/data/scenario1/bootstrap/trial_0439,4869,4394869
440,/project/data/scenario1/bootstrap/trial_0440,4869,4404869
441,/project/data/scenario1/bootstrap/trial_0441,4869,4414869
442,/project/data/scenario1/bootstrap/trial_0442,4869,4424869
443,/project/data/scenario1/bootstrap/trial_0443,4869,4434869
444,/project/data/scenario1/bootstrap/trial_0444,4869,4444869
445,/project/data/scenario1/bootstrap/trial_0445,4869,4454869
446,/project/data/scenario1/bootstrap/trial_0446,4869,4464869
447,/project/data/scenario1/bootstrap/trial_0447,4869,4474869
448,/project/data/scenario1/bootstrap/trial_0448,4869,4484869
449,/project/data/scenario1/bootstrap/trial_0449,4869,4494869
450,/project/data/scenario1/bootstrap/trial_0450,4869,4504869
451,/project/data/scenario1/bootstrap/trial_0451,4869,4514869
452,/project/data/scenario1/bootstrap/trial_0452,4869,4524869
453,/project/data/scenario1/bootstrap/trial_0453,4869,4534869
454,/project/data/scenario1/bootstrap/trial_0454,4869,4544869
455,/project/data/scenario1/bootstrap/trial_0455,4869,4554869
456,/project/data/scenario1/bootstrap/trial_0456,4869,4564869
457,/project/data/scenario1/bootstrap/trial_0457,4869,4574869
458,/project/data/scenario1/bootstrap/trial_0458,4869,4584869
459,/project/data/scenario1/bootstrap/trial_0459,4869,4594869
460,/project/data/scenario1/bootstrap/trial_0460,4869,4604869
461,/project/data/scenario1/bootstrap/trial_0461,4869,4614869
462,/project/data/scenario1/bootstrap/trial_0462,4869,4624869
463,/project/data/scenario1/bootstrap/trial_0463,4869,4634869
464,/project/data/scenario1/bootstrap/trial_0464,4869,4644869
465,/project/data/scenario1/bootstrap/trial_0465,4869,4654869
466,/project/data/scenario1/bootstrap/trial_0466,4869,4664869
467,/project/data/scenario1/bootstrap/trial_0467,4869,4674869
468,/project/data/scenario1/bootstrap/trial_0468,4869,4684869
469,/project/data/scenario1/bootstrap/trial_0469,4869,4694869
470,/project/data/scenario1/bootstrap/trial_0470,4869,4704869
471,/project/data/scenario1/bootstrap/trial_0471,4869,4714869
472,/project/data/scenario1/bootstrap/trial_0472,4869,4724869
473,/project/data/scenario1/bootstrap/trial_0473,4869,4734869
474,/project/data/scenario1/bootstrap/trial_0474,4869,4744869
475,/project/data/scenario1/bootstrap/trial_0475,4869,4754869
476,/project/data/scenario1/bootstrap/trial_0476,4869,4764869
477,/project/data/scenario1/bootstrap/trial_0477,4869,4774869
478,/project/data/scenario1/bootstrap/trial_0478,4869,4784869
479,/project/data/scenario1/bootstrap/trial_0479,4869,4794869
480,/project/data/scenario1/bootstrap/trial_0480,4869,4804869
481,/project/data/scenario1/bootstrap/trial_0481,4869,4814869
482,/project/data/scenario1/bootstrap/trial_0482,4869,4824869
483,/project/data/scenario1/bootstrap/trial_0483,4869,4834869
484,/project/data/scenario1/bootstrap/trial_0484,4869,4844869
485,/project/data/scenario1/bootstrap/trial_0485,4869,4854869
486,/project/data/scenario1/bootstrap/trial_0486,4869,4864869
487,/project/data/scenario1/bootstrap/trial_0487,4869,4874869
488,/project/data/scenario1/bootstrap/trial_0488,4869,4884869
489,/project/data/scenario1/bootstrap/trial_0489,4869,4894869
490,/project/data/scenario1/bootstrap/trial_0490,4869,4904869
491,/project/data/scenario1/bootstrap/trial_0491,4869,4914869
492,/project/data/scenario1/bootstrap/trial_0492,4869,4924869
493,/project/data/scenario1/bootstrap/trial_0493,4869,4934869
494,/project/data/scenario1/bootstrap/trial_0494,4869,4944869
495,/project/data/scenario1/bootstrap/trial_0495,4869,4954869
496,/project/data/scenario1/bootstrap/trial_0496,4869,4964869
497,/project/data/scenario1/bootstrap/trial_0497,4869,4974869
498,/project/data/scenario1/bootstrap/trial_0498,4869,4984869
499,/project/data/scenario1/bootstrap/trial_0499,4869,4994869
500,/project/data/scenario1/bootstrap/trial_0500,4869,5004869
