"iter","eval_type","client","objf","grad_lka","grad_lcl","grad_lvc","grad_CcPropSd","grad_pchol__omega_cl_v__etaLcl__etaLcl","grad_pchol__omega_cl_v__etaLcl__etaLvc","grad_pchol__omega_cl_v__etaLvc__etaLvc"
1,"fn","http://client1:8000",889.1441,19.3276,-32.8823,33.993,-19.4385,-4.735,4.3394,4.2892
1,"fn","http://client2:8000",673.268,-2.0712,-52.4686,13.1825,-9.9873,1.4287,4.5701,-15.5614
1,"fn","http://client3:8000",689.6078,-0.4836,-22.9448,-52.4975,-8.5956,2.3917,3.7421,-9.843
1,"gr","http://client1:8000",889.1441,19.3276,-32.8823,33.993,-19.4385,-4.735,4.3394,4.2892
1,"gr","http://client2:8000",673.268,-2.0712,-52.4686,13.1825,-9.9873,1.4287,4.5701,-15.5614
1,"gr","http://client3:8000",689.6078,-0.4836,-22.9448,-52.4975,-8.5956,2.3917,3.7421,-9.843
2,"fn","http://client1:8000",1184.4699,28.7479,734.162,-303.1958,-105.4157,510.3387,-0.4737,13.1423
2,"fn","http://client2:8000",878.7587,1.9858,534.8733,-256.9969,-58.7881,353.2537,-3.9576,-1.7353
2,"fn","http://client3:8000",919.2871,8.1972,563.129,-320.8462,-58.547,381.4606,-13.1894,4.9305
2,"gr","http://client1:8000",1184.4699,28.7479,734.162,-303.1958,-105.4157,510.3387,-0.4737,13.1423
2,"gr","http://client2:8000",878.7587,1.9858,534.8733,-256.9969,-58.7881,353.2537,-3.9576,-1.7353
2,"gr","http://client3:8000",919.2871,8.1972,563.129,-320.8462,-58.547,381.4606,-13.1894,4.9305
3,"fn","http://client1:8000",888.1799,19.7269,18.6692,15.5814,-18.5586,-5.2807,4.6972,4.5447
3,"fn","http://client2:8000",670.8357,-1.9628,-12.4669,-2.0734,-8.1531,-2.3845,4.5085,-14.8835
3,"fn","http://client3:8000",688.9126,0.0808,16.7408,-67.6341,-7.1428,0.1644,2.8745,-9.3121
3,"gr","http://client1:8000",888.1799,19.7269,18.6692,15.5814,-18.5586,-5.2807,4.6972,4.5447
3,"gr","http://client2:8000",670.8357,-1.9628,-12.4669,-2.0734,-8.1531,-2.3845,4.5085,-14.8835
3,"gr","http://client3:8000",688.9126,0.0808,16.7408,-67.6341,-7.1428,0.1644,2.8745,-9.3121
4,"fn","http://client1:8000",888.3159,17.7921,16.109,29.1819,-15.8799,-4.9792,4.6414,6.0995
4,"fn","http://client2:8000",670.4811,-3.48,-14.5901,8.1633,-5.5414,-2.2833,4.4072,-13.8725
4,"fn","http://client3:8000",687.3326,-1.1237,14.7375,-57.5847,-3.6512,0.3978,2.9254,-10.2467
4,"gr","http://client1:8000",888.3159,17.7921,16.109,29.1819,-15.8799,-4.9792,4.6414,6.0995
4,"gr","http://client2:8000",670.4811,-3.48,-14.5901,8.1633,-5.5414,-2.2833,4.4072,-13.8725
4,"gr","http://client3:8000",687.3326,-1.1237,14.7375,-57.5847,-3.6512,0.3978,2.9254,-10.2467
5,"fn","http://client1:8000",888.4053,14.5944,11.3064,43.3544,-8.4816,-4.7037,4.304,7.9374
5,"fn","http://client2:8000",670.1347,-5.807,-18.3133,18.73,1.1392,-2.3484,4.1137,-11.801
5,"fn","http://client3:8000",685.8787,-2.576,11.4403,-47.4048,3.8561,0.2966,2.8083,-10.4597
5,"gr","http://client1:8000",888.4053,14.5944,11.3064,43.3544,-8.4816,-4.7037,4.304,7.9374
5,"gr","http://client2:8000",670.1347,-5.807,-18.3133,18.73,1.1392,-2.3484,4.1137,-11.801
5,"gr","http://client3:8000",685.8787,-2.576,11.4403,-47.4048,3.8561,0.2966,2.8083,-10.4597
6,"fn","http://client1:8000",888.0186,13.2791,9.5823,44.3101,-4.3901,-4.1618,4.0121,8.3813
6,"fn","http://client2:8000",669.8131,-6.8674,-19.752,19.217,4.8231,-2.153,3.9054,-10.5887
6,"fn","http://client3:8000",685.7669,-2.8853,10.6931,-47.8408,7.3373,0.3246,2.625,-9.7809
6,"gr","http://client1:8000",888.0186,13.2791,9.5823,44.3101,-4.3901,-4.1618,4.0121,8.3813
6,"gr","http://client2:8000",669.8131,-6.8674,-19.752,19.217,4.8231,-2.153,3.9054,-10.5887
6,"gr","http://client3:8000",685.7669,-2.8853,10.6931,-47.8408,7.3373,0.3246,2.625,-9.7809
7,"fn","http://client1:8000",887.6685,10.3051,9.9749,51.7317,-6.1078,-0.8237,3.51,11.8012
7,"fn","http://client2:8000",668.9765,-10.5163,-20.946,23.7198,5.0028,-0.2939,3.487,-6.5671
7,"fn","http://client3:8000",685.3445,-4.3471,12.3398,-49.0084,6.9904,2.0872,2.2578,-7.3441
7,"gr","http://client1:8000",887.6685,10.3051,9.9749,51.7317,-6.1078,-0.8237,3.51,11.8012
7,"gr","http://client2:8000",668.9765,-10.5163,-20.946,23.7198,5.0028,-0.2939,3.487,-6.5671
7,"gr","http://client3:8000",685.3445,-4.3471,12.3398,-49.0084,6.9904,2.0872,2.2578,-7.3441
8,"fn","http://client1:8000",885.6824,11.2576,5.6684,24.385,2.219,-1.9345,2.6097,8.8344
8,"fn","http://client2:8000",668.2687,-9.5383,-23.6371,2.6561,12.1538,-1.2183,2.9284,-5.8267
8,"fn","http://client3:8000",687.8227,-1.5685,12.3861,-72.7292,10.9265,0.3712,1.639,-5.3555
8,"gr","http://client1:8000",885.6824,11.2576,5.6684,24.385,2.219,-1.9345,2.6097,8.8344
8,"gr","http://client2:8000",668.2687,-9.5383,-23.6371,2.6561,12.1538,-1.2183,2.9284,-5.8267
8,"gr","http://client3:8000",687.8227,-1.5685,12.3861,-72.7292,10.9265,0.3712,1.639,-5.3555
9,"fn","http://client1:8000",886.4452,10.0952,6.9647,40.9554,-5.8869,-0.1911,2.8711,11.6212
9,"fn","http://client2:8000",668.1097,-11.3166,-23.7187,14.8422,6.2231,0.0499,3.0637,-4.8351
9,"fn","http://client3:8000",686.328,-3.3287,12.4058,-62.6047,6.2492,1.9862,1.8339,-5.3557
9,"gr","http://client1:8000",886.4452,10.0952,6.9647,40.9554,-5.8869,-0.1911,2.8711,11.6212
9,"gr","http://client2:8000",668.1097,-11.3166,-23.7187,14.8422,6.2231,0.0499,3.0637,-4.8351
9,"gr","http://client3:8000",686.328,-3.3287,12.4058,-62.6047,6.2492,1.9862,1.8339,-5.3557
10,"fn","http://client1:8000",886.6485,10.0897,8.6423,43.0097,-8.7145,0.1754,2.865,12.4966
10,"fn","http://client2:8000",667.9242,-11.6201,-22.7078,16.0878,4.3961,0.2446,3.047,-4.3057
10,"fn","http://client3:8000",686.127,-3.4506,13.8622,-62.7411,4.4426,2.2877,1.8199,-5.0125
10,"gr","http://client1:8000",886.6485,10.0897,8.6423,43.0097,-8.7145,0.1754,2.865,12.4966
10,"gr","http://client2:8000",667.9242,-11.6201,-22.7078,16.0878,4.3961,0.2446,3.047,-4.3057
10,"gr","http://client3:8000",686.127,-3.4506,13.8622,-62.7411,4.4426,2.2877,1.8199,-5.0125
11,"fn","http://client1:8000",887.2509,9.9204,0.8166,52.0289,-14.4016,0.0492,2.6408,14.2877
11,"fn","http://client2:8000",667.5754,-12.1342,-29.3508,22.5208,1.3877,0.4646,2.8755,-2.8311
11,"fn","http://client3:8000",685.4323,-3.4396,8.5981,-60.2482,1.6479,2.3682,1.7833,-4.0444
11,"gr","http://client1:8000",887.2509,9.9204,0.8166,52.0289,-14.4016,0.0492,2.6408,14.2877
11,"gr","http://client2:8000",667.5754,-12.1342,-29.3508,22.5208,1.3877,0.4646,2.8755,-2.8311
11,"gr","http://client3:8000",685.4323,-3.4396,8.5981,-60.2482,1.6479,2.3682,1.7833,-4.0444
12,"fn","http://client1:8000",887.7797,11.3964,9.7103,48.4174,-19.7532,-0.7326,2.4836,15.3926
12,"fn","http://client2:8000",666.6504,-11.0647,-22.5617,18.7903,-0.9832,-0.5137,2.7349,-1.8941
12,"fn","http://client3:8000",685.2565,-2.1593,16.7159,-67.5572,-1.1321,1.7878,1.597,-3.0484
12,"gr","http://client1:8000",887.7797,11.3964,9.7103,48.4174,-19.7532,-0.7326,2.4836,15.3926
12,"gr","http://client2:8000",666.6504,-11.0647,-22.5617,18.7903,-0.9832,-0.5137,2.7349,-1.8941
12,"gr","http://client3:8000",685.2565,-2.1593,16.7159,-67.5572,-1.1321,1.7878,1.597,-3.0484
13,"fn","http://client1:8000",888.1786,12.3403,10.2278,46.3311,-21.2128,-2.5765,2.234,15.0984
13,"fn","http://client2:8000",665.8556,-9.6823,-22.2812,17.2081,0.0832,-1.9168,2.493,-1.267
13,"fn","http://client3:8000",684.8737,-0.7376,18.1329,-71.5651,-0.1696,0.484,1.4028,-2.4239
13,"gr","http://client1:8000",888.1786,12.3403,10.2278,46.3311,-21.2128,-2.5765,2.234,15.0984
13,"gr","http://client2:8000",665.8556,-9.6823,-22.2812,17.2081,0.0832,-1.9168,2.493,-1.267
13,"gr","http://client3:8000",684.8737,-0.7376,18.1329,-71.5651,-0.1696,0.484,1.4028,-2.4239
14,"fn","http://client1:8000",889.5665,12.0082,15.9044,50.3535,-21.8232,-4.614,2.0326,13.3774
14,"fn","http://client2:8000",664.1666,-7.685,-22.482,25.1251,5.698,-4.0035,1.8512,0.5905
14,"fn","http://client3:8000",682.7651,1.1811,21.3648,-68.481,7.1175,-0.8836,0.9875,-1.6435
14,"gr","http://client1:8000",889.5665,12.0082,15.9044,50.3535,-21.8232,-4.614,2.0326,13.3774
14,"gr","http://client2:8000",664.1666,-7.685,-22.482,25.1251,5.698,-4.0035,1.8512,0.5905
14,"gr","http://client3:8000",682.7651,1.1811,21.3648,-68.481,7.1175,-0.8836,0.9875,-1.6435
15,"fn","http://client1:8000",888.469,15.0654,12.1804,19.1213,-10.8652,-2.9715,1.1218,9.2236
15,"fn","http://client2:8000",662.3391,-2.3699,-27.9251,3.108,17.2821,-3.0815,1.2188,0.4887
15,"fn","http://client3:8000",684.8234,5.3957,22.8207,-93.1028,14.4291,-0.1247,0.522,-1.2052
15,"gr","http://client1:8000",888.469,15.0654,12.1804,19.1213,-10.8652,-2.9715,1.1218,9.2236
15,"gr","http://client2:8000",662.3391,-2.3699,-27.9251,3.108,17.2821,-3.0815,1.2188,0.4887
15,"gr","http://client3:8000",684.8234,5.3957,22.8207,-93.1028,14.4291,-0.1247,0.522,-1.2052
16,"fn","http://client1:8000",889.4778,13.3255,8.6593,45.8483,-16.671,-1.7623,1.2843,11.5219
16,"fn","http://client2:8000",662.293,-4.3939,-32.1553,24.2765,13.3545,-2.4659,1.2347,1.5383
16,"fn","http://client3:8000",682.3292,3.8877,18.6372,-74.4908,13.8337,0.9343,0.65,-0.9176
16,"gr","http://client1:8000",889.4778,13.3255,8.6593,45.8483,-16.671,-1.7623,1.2843,11.5219
16,"gr","http://client2:8000",662.293,-4.3939,-32.1553,24.2765,13.3545,-2.4659,1.2347,1.5383
16,"gr","http://client3:8000",682.3292,3.8877,18.6372,-74.4908,13.8337,0.9343,0.65,-0.9176
17,"fn","http://client1:8000",889.3023,12.7264,9.3291,51.5454,-18.9601,0.3335,1.431,12.4866
17,"fn","http://client2:8000",662.3142,-5.5815,-32.4461,29.315,10.9323,-1.0017,1.3439,1.8608
17,"fn","http://client3:8000",681.8758,3.212,19.5327,-70.4451,11.96,2.7079,0.764,-0.8528
17,"gr","http://client1:8000",889.3023,12.7264,9.3291,51.5454,-18.9601,0.3335,1.431,12.4866
17,"gr","http://client2:8000",662.3142,-5.5815,-32.4461,29.315,10.9323,-1.0017,1.3439,1.8608
17,"gr","http://client3:8000",681.8758,3.212,19.5327,-70.4451,11.96,2.7079,0.764,-0.8528
18,"fn","http://client1:8000",888.2619,11.2056,6.3707,58.1707,-20.9973,5.0509,1.6168,13.6811
18,"fn","http://client2:8000",662.3922,-8.1968,-36.6748,37.0474,7.3983,2.5077,1.5194,2.462
18,"fn","http://client3:8000",681.5367,1.8026,19.5246,-64.9182,8.7316,6.8172,1.0048,-0.6824
18,"gr","http://client1:8000",888.2619,11.2056,6.3707,58.1707,-20.9973,5.0509,1.6168,13.6811
18,"gr","http://client2:8000",662.3922,-8.1968,-36.6748,37.0474,7.3983,2.5077,1.5194,2.462
18,"gr","http://client3:8000",681.5367,1.8026,19.5246,-64.9182,8.7316,6.8172,1.0048,-0.6824
19,"fn","http://client1:8000",887.0862,10.0052,29.4711,47.3126,-23.3167,9.2656,1.6759,14.9521
19,"fn","http://client2:8000",661.676,-10.9123,-19.6574,31.8587,3.7064,4.686,1.5839,3.1944
19,"fn","http://client3:8000",682.1123,0.7516,44.1921,-75.192,3.7907,10.9308,1.1513,-0.619
19,"gr","http://client1:8000",887.0862,10.0052,29.4711,47.3126,-23.3167,9.2656,1.6759,14.9521
19,"gr","http://client2:8000",661.676,-10.9123,-19.6574,31.8587,3.7064,4.686,1.5839,3.1944
19,"gr","http://client3:8000",682.1123,0.7516,44.1921,-75.192,3.7907,10.9308,1.1513,-0.619
20,"fn","http://client1:8000",885.4215,7.6394,15.5094,50.9126,-21.7678,9.3742,1.3825,13.857
20,"fn","http://client2:8000",661.3683,-13.758,-33.4538,41.5395,3.7615,5.2536,1.3049,3.6561
20,"fn","http://client3:8000",681.6649,-0.2959,38.0275,-71.4124,3.9971,12.0784,1.2381,-0.0741
20,"gr","http://client1:8000",885.4215,7.6394,15.5094,50.9126,-21.7678,9.3742,1.3825,13.857
20,"gr","http://client2:8000",661.3683,-13.758,-33.4538,41.5395,3.7615,5.2536,1.3049,3.6561
20,"gr","http://client3:8000",681.6649,-0.2959,38.0275,-71.4124,3.9971,12.0784,1.2381,-0.0741
21,"fn","http://client1:8000",883.1749,5.8271,6.366,43.9589,-16.3451,2.8863,0.4934,9.073
21,"fn","http://client2:8000",660.278,-16.309,-44.6446,48.9012,7.5552,1.2447,0.4773,2.1919
21,"fn","http://client3:8000",680.9839,-0.1209,36.3159,-74.7937,7.8783,8.5174,0.8762,-0.3185
21,"gr","http://client1:8000",883.1749,5.8271,6.366,43.9589,-16.3451,2.8863,0.4934,9.073
21,"gr","http://client2:8000",660.278,-16.309,-44.6446,48.9012,7.5552,1.2447,0.4773,2.1919
21,"gr","http://client3:8000",680.9839,-0.1209,36.3159,-74.7937,7.8783,8.5174,0.8762,-0.3185
22,"fn","http://client1:8000",882.6462,9.4541,9.6879,23.8772,-17.4316,-1.4169,-0.046,4.4127
22,"fn","http://client2:8000",658.5467,-13.1735,-42.9102,38.7179,8.8073,-1.5563,0.0727,-0.1652
22,"fn","http://client3:8000",681.5764,3.1005,43.5774,-93.4424,6.1085,4.815,0.4694,-1.672
22,"gr","http://client1:8000",882.6462,9.4541,9.6879,23.8772,-17.4316,-1.4169,-0.046,4.4127
22,"gr","http://client2:8000",658.5467,-13.1735,-42.9102,38.7179,8.8073,-1.5563,0.0727,-0.1652
22,"gr","http://client3:8000",681.5764,3.1005,43.5774,-93.4424,6.1085,4.815,0.4694,-1.672
23,"fn","http://client1:8000",883.5238,7.383,-2.4109,45.4299,-20.9461,-6.0135,-0.4949,1.8656
23,"fn","http://client2:8000",659.1237,-15.6011,-53.8446,61.3752,5.4041,-4.7851,-0.3355,-2.2568
23,"fn","http://client3:8000",679.8437,1.6794,33.3551,-76.2195,6.3043,1.2002,0.1266,-3.382
23,"gr","http://client1:8000",883.5238,7.383,-2.4109,45.4299,-20.9461,-6.0135,-0.4949,1.8656
23,"gr","http://client2:8000",659.1237,-15.6011,-53.8446,61.3752,5.4041,-4.7851,-0.3355,-2.2568
23,"gr","http://client3:8000",679.8437,1.6794,33.3551,-76.2195,6.3043,1.2002,0.1266,-3.382
24,"fn","http://client1:8000",883.1851,8.7426,2.6628,34.9796,-18.8271,-5.0023,-0.395,2.1657
24,"fn","http://client2:8000",658.6194,-13.9065,-49.2795,51.4271,7.7386,-4.0741,-0.2409,-1.829
24,"fn","http://client3:8000",680.4728,2.7105,37.6814,-84.4639,6.9344,1.8566,0.1883,-2.999
24,"gr","http://client1:8000",883.1851,8.7426,2.6628,34.9796,-18.8271,-5.0023,-0.395,2.1657
24,"gr","http://client2:8000",658.6194,-13.9065,-49.2795,51.4271,7.7386,-4.0741,-0.2409,-1.829
24,"gr","http://client3:8000",680.4728,2.7105,37.6814,-84.4639,6.9344,1.8566,0.1883,-2.999
25,"fn","http://client1:8000",883.1382,9.0627,5.0839,31.9325,-18.1615,-4.9047,-0.3877,2.0166
25,"fn","http://client2:8000",658.4593,-13.5149,-47.3658,48.9975,8.4194,-4.0865,-0.2419,-1.9208
25,"fn","http://client3:8000",680.6226,2.9867,39.8222,-86.8417,7.2117,1.8982,0.189,-3.0578
25,"gr","http://client1:8000",883.1382,9.0627,5.0839,31.9325,-18.1615,-4.9047,-0.3877,2.0166
25,"gr","http://client2:8000",658.4593,-13.5149,-47.3658,48.9975,8.4194,-4.0865,-0.2419,-1.9208
25,"gr","http://client3:8000",680.6226,2.9867,39.8222,-86.8417,7.2117,1.8982,0.189,-3.0578
26,"fn","http://client1:8000",883.1287,9.5903,10.2875,26.7184,-16.6749,-4.7528,-0.3781,1.6358
26,"fn","http://client2:8000",658.1474,-12.7922,-43.6261,45.4049,9.886,-4.1662,-0.258,-2.2229
26,"fn","http://client3:8000",680.8183,3.4799,44.2655,-90.619,8.0908,1.9832,0.189,-3.2212
26,"gr","http://client1:8000",883.1287,9.5903,10.2875,26.7184,-16.6749,-4.7528,-0.3781,1.6358
26,"gr","http://client2:8000",658.1474,-12.7922,-43.6261,45.4049,9.886,-4.1662,-0.258,-2.2229
26,"gr","http://client3:8000",680.8183,3.4799,44.2655,-90.619,8.0908,1.9832,0.189,-3.2212
27,"fn","http://client1:8000",883.1781,9.8971,13.0351,24.3628,-15.3465,-4.5082,-0.3566,1.4316
27,"fn","http://client2:8000",657.9515,-12.2109,-42.2982,44.5481,11.1592,-4.0177,-0.2564,-2.3896
27,"fn","http://client3:8000",680.8302,3.7899,46.2663,-91.6394,9.1779,2.1963,0.2035,-3.1967
27,"gr","http://client1:8000",883.1781,9.8971,13.0351,24.3628,-15.3465,-4.5082,-0.3566,1.4316
27,"gr","http://client2:8000",657.9515,-12.2109,-42.2982,44.5481,11.1592,-4.0177,-0.2564,-2.3896
27,"gr","http://client3:8000",680.8302,3.7899,46.2663,-91.6394,9.1779,2.1963,0.2035,-3.1967
28,"fn","http://client1:8000",883.284,10.3094,14.687,23.3173,-13.5965,-3.061,-0.223,2.2363
28,"fn","http://client2:8000",657.7289,-11.1033,-43.8473,45.9499,13.0487,-2.6435,-0.1512,-1.7619
28,"fn","http://client3:8000",680.6823,4.1656,46.1145,-90.0403,11.0254,3.5649,0.319,-2.1736
28,"gr","http://client1:8000",883.284,10.3094,14.687,23.3173,-13.5965,-3.061,-0.223,2.2363
28,"gr","http://client2:8000",657.7289,-11.1033,-43.8473,45.9499,13.0487,-2.6435,-0.1512,-1.7619
28,"gr","http://client3:8000",680.6823,4.1656,46.1145,-90.0403,11.0254,3.5649,0.319,-2.1736
29,"fn","http://client1:8000",884.5283,10.5863,33.7908,21.2379,-22.4711,-0.465,-0.0208,4.3919
29,"fn","http://client2:8000",657.0496,-11.5956,-34.4664,50.1601,7.4131,-1.5422,-0.0916,-1.4197
29,"fn","http://client3:8000",680.5723,4.3814,63.713,-95.0679,5.0612,6.0711,0.4994,-1.0286
29,"gr","http://client1:8000",884.5283,10.5863,33.7908,21.2379,-22.4711,-0.465,-0.0208,4.3919
29,"gr","http://client2:8000",657.0496,-11.5956,-34.4664,50.1601,7.4131,-1.5422,-0.0916,-1.4197
29,"gr","http://client3:8000",680.5723,4.3814,63.713,-95.0679,5.0612,6.0711,0.4994,-1.0286
30,"fn","http://client1:8000",883.5408,10.363,19.589,22.8904,-15.9156,-2.4506,-0.1767,2.6488
30,"fn","http://client2:8000",657.497,-11.2704,-41.4812,47.2427,11.5712,-2.4123,-0.1436,-1.7632
30,"fn","http://client3:8000",680.591,4.2155,50.6673,-91.2796,9.4868,4.1694,0.3616,-1.9701
30,"gr","http://client1:8000",883.5408,10.363,19.589,22.8904,-15.9156,-2.4506,-0.1767,2.6488
30,"gr","http://client2:8000",657.497,-11.2704,-41.4812,47.2427,11.5712,-2.4123,-0.1436,-1.7632
30,"gr","http://client3:8000",680.591,4.2155,50.6673,-91.2796,9.4868,4.1694,0.3616,-1.9701
31,"fn","http://client1:8000",883.6151,10.1094,15.0647,27.9734,-16.5812,-2.017,-0.1365,3.2034
31,"fn","http://client2:8000",657.6482,-11.2864,-47.2844,53.4064,11.0123,-1.641,-0.0868,-1.2663
31,"fn","http://client3:8000",680.1958,4.0068,45.6749,-85.6101,9.6699,4.727,0.4067,-1.2524
31,"gr","http://client1:8000",883.6151,10.1094,15.0647,27.9734,-16.5812,-2.017,-0.1365,3.2034
31,"gr","http://client2:8000",657.6482,-11.2864,-47.2844,53.4064,11.0123,-1.641,-0.0868,-1.2663
31,"gr","http://client3:8000",680.1958,4.0068,45.6749,-85.6101,9.6699,4.727,0.4067,-1.2524
32,"fn","http://client1:8000",883.6519,9.8475,11.2424,31.8974,-18.0065,-1.9604,-0.132,3.3436
32,"fn","http://client2:8000",657.7942,-11.6184,-51.6311,58.1245,9.768,-1.3154,-0.0656,-1.0883
32,"fn","http://client3:8000",679.9465,3.7886,42.1099,-81.9359,8.9629,4.9021,0.419,-0.9579
32,"gr","http://client1:8000",883.6519,9.8475,11.2424,31.8974,-18.0065,-1.9604,-0.132,3.3436
32,"gr","http://client2:8000",657.7942,-11.6184,-51.6311,58.1245,9.768,-1.3154,-0.0656,-1.0883
32,"gr","http://client3:8000",679.9465,3.7886,42.1099,-81.9359,8.9629,4.9021,0.419,-0.9579
33,"fn","http://client1:8000",883.6244,9.83,9.9528,32.4115,-18.753,-1.9035,-0.1285,3.281
33,"fn","http://client2:8000",657.8104,-11.7168,-53.3024,59.4398,9.1728,-1.142,-0.0542,-1.0558
33,"fn","http://client3:8000",679.9238,3.7728,41.1118,-81.3826,8.3941,4.9812,0.4229,-0.8523
33,"gr","http://client1:8000",883.6244,9.83,9.9528,32.4115,-18.753,-1.9035,-0.1285,3.281
33,"gr","http://client2:8000",657.8104,-11.7168,-53.3024,59.4398,9.1728,-1.142,-0.0542,-1.0558
33,"gr","http://client3:8000",679.9238,3.7728,41.1118,-81.3826,8.3941,4.9812,0.4229,-0.8523
34,"fn","http://client1:8000",883.468,10.0683,9.5495,29.7749,-19.5305,-1.6097,-0.1074,3.039
34,"fn","http://client2:8000",657.7111,-11.6119,-54.7967,58.9991,8.6756,-0.7188,-0.024,-1.0113
34,"fn","http://client3:8000",680.1171,3.9694,41.2417,-83.1952,7.3887,5.213,0.4348,-0.6419
34,"gr","http://client1:8000",883.468,10.0683,9.5495,29.7749,-19.5305,-1.6097,-0.1074,3.039
34,"gr","http://client2:8000",657.7111,-11.6119,-54.7967,58.9991,8.6756,-0.7188,-0.024,-1.0113
34,"gr","http://client3:8000",680.1171,3.9694,41.2417,-83.1952,7.3887,5.213,0.4348,-0.6419
35,"fn","http://client1:8000",883.3047,9.5599,7.2361,31.222,-20.4998,-2.3478,-0.1725,1.8337
35,"fn","http://client2:8000",657.8731,-12.6799,-56.7108,61.8738,7.2992,-1.2281,-0.0731,-1.7959
35,"fn","http://client3:8000",680.0747,3.647,40.3715,-82.2925,6.3621,4.5379,0.3722,-1.3291
35,"gr","http://client1:8000",883.3047,9.5599,7.2361,31.222,-20.4998,-2.3478,-0.1725,1.8337
35,"gr","http://client2:8000",657.8731,-12.6799,-56.7108,61.8738,7.2992,-1.2281,-0.0731,-1.7959
35,"gr","http://client3:8000",680.0747,3.647,40.3715,-82.2925,6.3621,4.5379,0.3722,-1.3291
36,"fn","http://client1:8000",883.0438,9.8099,10.7974,25.5044,-18.5786,-1.7868,-0.1272,1.6793
36,"fn","http://client2:8000",657.7411,-12.3088,-55.0285,58.6223,8.7164,-0.771,-0.0392,-1.768
36,"fn","http://client3:8000",680.396,3.9121,43.3526,-85.468,7.1029,4.929,0.3934,-1.0373
36,"gr","http://client1:8000",883.0438,9.8099,10.7974,25.5044,-18.5786,-1.7868,-0.1272,1.6793
36,"gr","http://client2:8000",657.7411,-12.3088,-55.0285,58.6223,8.7164,-0.771,-0.0392,-1.768
36,"gr","http://client3:8000",680.396,3.9121,43.3526,-85.468,7.1029,4.929,0.3934,-1.0373
37,"fn","http://client1:8000",882.954,9.6212,11.4212,25.1134,-17.3235,-1.9585,-0.1409,1.3739
37,"fn","http://client2:8000",657.8017,-12.4968,-54.2803,58.309,9.3984,-0.9596,-0.0551,-2.0052
37,"fn","http://client3:8000",680.4047,3.8162,43.8231,-85.321,7.9139,4.7386,0.376,-1.2332
37,"gr","http://client1:8000",882.954,9.6212,11.4212,25.1134,-17.3235,-1.9585,-0.1409,1.3739
37,"gr","http://client2:8000",657.8017,-12.4968,-54.2803,58.309,9.3984,-0.9596,-0.0551,-2.0052
37,"gr","http://client3:8000",680.4047,3.8162,43.8231,-85.321,7.9139,4.7386,0.376,-1.2332
38,"fn","http://client1:8000",882.8869,9.3486,10.5769,26.2911,-16.527,-1.9834,-0.1418,1.3832
38,"fn","http://client2:8000",657.9307,-12.7491,-55.1876,59.551,9.7096,-0.9433,-0.055,-1.9756
38,"fn","http://client3:8000",680.3276,3.6394,42.6959,-83.6965,8.5632,4.7059,0.3705,-1.1426
38,"gr","http://client1:8000",882.8869,9.3486,10.5769,26.2911,-16.527,-1.9834,-0.1418,1.3832
38,"gr","http://client2:8000",657.9307,-12.7491,-55.1876,59.551,9.7096,-0.9433,-0.055,-1.9756
38,"gr","http://client3:8000",680.3276,3.6394,42.6959,-83.6965,8.5632,4.7059,0.3705,-1.1426
39,"fn","http://client1:8000",882.821,9.0158,11.5764,26.476,-16.0941,-2.1106,-0.1515,1.2679
39,"fn","http://client2:8000",657.9843,-13.2972,-54.0812,59.6088,9.7625,-1.193,-0.0754,-2.135
39,"fn","http://client3:8000",680.3182,3.448,43.6588,-83.8213,8.8124,4.504,0.3511,-1.2814
39,"gr","http://client1:8000",882.821,9.0158,11.5764,26.476,-16.0941,-2.1106,-0.1515,1.2679
39,"gr","http://client2:8000",657.9843,-13.2972,-54.0812,59.6088,9.7625,-1.193,-0.0754,-2.135
39,"gr","http://client3:8000",680.3182,3.448,43.6588,-83.8213,8.8124,4.504,0.3511,-1.2814
40,"fn","http://client1:8000",882.6874,8.6833,10.6652,27.192,-15.6529,-2.042,-0.1442,1.4674
40,"fn","http://client2:8000",658.0871,-13.7971,-54.8701,60.2088,9.8506,-1.1548,-0.0727,-1.9164
40,"fn","http://client3:8000",680.309,3.2535,42.5984,-83.1737,9.1206,4.4396,0.3408,-1.0382
40,"gr","http://client1:8000",882.6874,8.6833,10.6652,27.192,-15.6529,-2.042,-0.1442,1.4674
40,"gr","http://client2:8000",658.0871,-13.7971,-54.8701,60.2088,9.8506,-1.1548,-0.0727,-1.9164
40,"gr","http://client3:8000",680.309,3.2535,42.5984,-83.1737,9.1206,4.4396,0.3408,-1.0382
41,"fn","http://client1:8000",882.5608,8.5126,11.7118,26.1069,-15.9404,-1.6504,-0.1119,2.2548
41,"fn","http://client2:8000",658.0173,-14.3238,-53.8317,58.5467,9.7636,-1.0394,-0.0629,-1.2961
41,"fn","http://client3:8000",680.4369,3.2133,43.3257,-85.282,8.8405,4.4672,0.334,-0.4575
41,"gr","http://client1:8000",882.5608,8.5126,11.7118,26.1069,-15.9404,-1.6504,-0.1119,2.2548
41,"gr","http://client2:8000",658.0173,-14.3238,-53.8317,58.5467,9.7636,-1.0394,-0.0629,-1.2961
41,"gr","http://client3:8000",680.4369,3.2133,43.3257,-85.282,8.8405,4.4672,0.334,-0.4575
42,"fn","http://client1:8000",882.8684,7.6754,4.4972,36.1342,-19.6812,-2.5141,-0.1734,2.3376
42,"fn","http://client2:8000",658.3049,-15.7336,-58.5794,65.8957,6.7434,-1.7203,-0.1133,-1.2759
42,"fn","http://client3:8000",679.9138,2.574,37.175,-79.7702,7.1318,3.5357,0.2626,-0.7215
42,"gr","http://client1:8000",882.8684,7.6754,4.4972,36.1342,-19.6812,-2.5141,-0.1734,2.3376
42,"gr","http://client2:8000",658.3049,-15.7336,-58.5794,65.8957,6.7434,-1.7203,-0.1133,-1.2759
42,"gr","http://client3:8000",679.9138,2.574,37.175,-79.7702,7.1318,3.5357,0.2626,-0.7215
43,"fn","http://client1:8000",882.6339,8.2822,9.6494,28.9289,-16.9742,-1.8927,-0.1293,2.2822
43,"fn","http://client2:8000",658.0876,-14.7136,-55.1993,60.6167,8.9309,-1.2275,-0.0769,-1.2854
43,"fn","http://client3:8000",680.2806,3.0368,41.5633,-83.7158,8.3753,4.2104,0.3142,-0.5259
43,"gr","http://client1:8000",882.6339,8.2822,9.6494,28.9289,-16.9742,-1.8927,-0.1293,2.2822
43,"gr","http://client2:8000",658.0876,-14.7136,-55.1993,60.6167,8.9309,-1.2275,-0.0769,-1.2854
43,"gr","http://client3:8000",680.2806,3.0368,41.5633,-83.7158,8.3753,4.2104,0.3142,-0.5259
44,"fn","http://client1:8000",882.6593,8.5693,10.2981,27.6158,-17.4066,-1.7093,-0.1149,2.5867
44,"fn","http://client2:8000",657.9508,-14.4308,-54.5495,59.0479,8.9621,-1.1273,-0.0683,-1.0302
44,"fn","http://client3:8000",680.3724,3.2485,42.1303,-85.4222,8.0477,4.2589,0.3161,-0.3214
44,"gr","http://client1:8000",882.6593,8.5693,10.2981,27.6158,-17.4066,-1.7093,-0.1149,2.5867
44,"gr","http://client2:8000",657.9508,-14.4308,-54.5495,59.0479,8.9621,-1.1273,-0.0683,-1.0302
44,"gr","http://client3:8000",680.3724,3.2485,42.1303,-85.4222,8.0477,4.2589,0.3161,-0.3214
45,"fn","http://client1:8000",882.7356,8.86,10.8469,26.8165,-17.7517,-1.7122,-0.1147,2.6469
45,"fn","http://client2:8000",657.8263,-14.0739,-53.8456,57.942,9.0214,-1.1652,-0.0703,-0.9926
45,"fn","http://client3:8000",680.4082,3.4475,42.6711,-86.5795,7.8489,4.1882,0.3105,-0.3368
45,"gr","http://client1:8000",882.7356,8.86,10.8469,26.8165,-17.7517,-1.7122,-0.1147,2.6469
45,"gr","http://client2:8000",657.8263,-14.0739,-53.8456,57.942,9.0214,-1.1652,-0.0703,-0.9926
45,"gr","http://client3:8000",680.4082,3.4475,42.6711,-86.5795,7.8489,4.1882,0.3105,-0.3368
46,"fn","http://client1:8000",882.8349,9.1305,11.1559,26.4949,-17.8219,-1.7739,-0.1186,2.6669
46,"fn","http://client2:8000",657.7231,-13.6544,-53.3257,57.2094,9.2651,-1.2334,-0.0745,-0.9917
46,"fn","http://client3:8000",680.3982,3.628,42.8484,-87.1224,7.9391,4.0685,0.3008,-0.38
46,"gr","http://client1:8000",882.8349,9.1305,11.1559,26.4949,-17.8219,-1.7739,-0.1186,2.6669
46,"gr","http://client2:8000",657.7231,-13.6544,-53.3257,57.2094,9.2651,-1.2334,-0.0745,-0.9917
46,"gr","http://client3:8000",680.3982,3.628,42.8484,-87.1224,7.9391,4.0685,0.3008,-0.38
47,"fn","http://client1:8000",882.9967,9.3555,11.4771,27.0729,-17.6776,-1.8458,-0.1225,2.7557
47,"fn","http://client2:8000",657.6398,-13.1701,-52.9297,57.243,9.6643,-1.3093,-0.0795,-0.9828
47,"fn","http://client3:8000",680.299,3.7707,42.7396,-86.6915,8.3722,3.9328,0.2882,-0.3846
47,"gr","http://client1:8000",882.9967,9.3555,11.4771,27.0729,-17.6776,-1.8458,-0.1225,2.7557
47,"gr","http://client2:8000",657.6398,-13.1701,-52.9297,57.243,9.6643,-1.3093,-0.0795,-0.9828
47,"gr","http://client3:8000",680.299,3.7707,42.7396,-86.6915,8.3722,3.9328,0.2882,-0.3846
48,"fn","http://client1:8000",883.1781,9.6345,13.0902,26.2682,-17.9132,-2.4594,-0.1671,1.8636
48,"fn","http://client2:8000",657.4814,-12.8075,-50.8613,56.5006,9.6815,-1.907,-0.1229,-1.7707
48,"fn","http://client3:8000",680.269,3.9692,44.7557,-87.9527,8.2368,3.2859,0.2379,-1.1911
48,"gr","http://client1:8000",883.1781,9.6345,13.0902,26.2682,-17.9132,-2.4594,-0.1671,1.8636
48,"gr","http://client2:8000",657.4814,-12.8075,-50.8613,56.5006,9.6815,-1.907,-0.1229,-1.7707
48,"gr","http://client3:8000",680.269,3.9692,44.7557,-87.9527,8.2368,3.2859,0.2379,-1.1911
49,"fn","http://client1:8000",883.3557,9.3401,6.3821,33.2061,-18.9788,-2.7683,-0.1853,2.0225
49,"fn","http://client2:8000",657.7343,-12.9648,-56.4756,62.2894,8.7869,-1.8703,-0.1194,-1.5037
49,"fn","http://client3:8000",679.8575,3.6998,38.1447,-82.0966,8.2873,2.9809,0.2134,-1.0066
49,"gr","http://client1:8000",883.3557,9.3401,6.3821,33.2061,-18.9788,-2.7683,-0.1853,2.0225
49,"gr","http://client2:8000",657.7343,-12.9648,-56.4756,62.2894,8.7869,-1.8703,-0.1194,-1.5037
49,"gr","http://client3:8000",679.8575,3.6998,38.1447,-82.0966,8.2873,2.9809,0.2134,-1.0066
50,"fn","http://client1:8000",883.2374,9.5248,10.6044,28.8357,-18.2965,-2.5826,-0.1745,1.9156
50,"fn","http://client2:8000",657.5694,-12.8674,-52.9365,58.6417,9.359,-1.9006,-0.1221,-1.6776
50,"fn","http://client3:8000",680.1119,3.869,42.3103,-85.7884,8.2626,3.1642,0.2281,-1.129
50,"gr","http://client1:8000",883.2374,9.5248,10.6044,28.8357,-18.2965,-2.5826,-0.1745,1.9156
50,"gr","http://client2:8000",657.5694,-12.8674,-52.9365,58.6417,9.359,-1.9006,-0.1221,-1.6776
50,"gr","http://client3:8000",680.1119,3.869,42.3103,-85.7884,8.2626,3.1642,0.2281,-1.129
51,"fn","http://client1:8000",883.1664,9.38,10.5852,29.0207,-17.7818,-2.3624,-0.1584,2.175
51,"fn","http://client2:8000",657.6348,-12.9981,-53.3321,58.9922,9.6029,-1.6996,-0.1079,-1.4691
51,"fn","http://client3:8000",680.1041,3.7755,41.9827,-85.1265,8.6278,3.3903,0.244,-0.8672
51,"gr","http://client1:8000",883.1664,9.38,10.5852,29.0207,-17.7818,-2.3624,-0.1584,2.175
51,"gr","http://client2:8000",657.6348,-12.9981,-53.3321,58.9922,9.6029,-1.6996,-0.1079,-1.4691
51,"gr","http://client3:8000",680.1041,3.7755,41.9827,-85.1265,8.6278,3.3903,0.244,-0.8672
52,"fn","http://client1:8000",883.1114,9.6977,11.0049,26.9375,-17.4974,-1.8,-0.1159,2.7959
52,"fn","http://client2:8000",657.5256,-12.524,-53.6417,57.287,10.1808,-1.1963,-0.0709,-0.8716
52,"fn","http://client3:8000",680.2508,4.0148,41.8554,-86.513,8.7662,3.7427,0.2631,-0.215
52,"gr","http://client1:8000",883.1114,9.6977,11.0049,26.9375,-17.4974,-1.8,-0.1159,2.7959
52,"gr","http://client2:8000",657.5256,-12.524,-53.6417,57.287,10.1808,-1.1963,-0.0709,-0.8716
52,"gr","http://client3:8000",680.2508,4.0148,41.8554,-86.513,8.7662,3.7427,0.2631,-0.215
53,"fn","http://client1:8000",883.0301,9.3948,11.1043,27.6648,-17.113,-1.6833,-0.1074,2.7377
53,"fn","http://client2:8000",657.645,-12.8799,-54.3973,59.0485,10.069,-1.0538,-0.0621,-0.934
53,"fn","http://client3:8000",680.1801,3.811,41.8154,-85.0081,8.9765,3.8891,0.269,-0.1228
53,"gr","http://client1:8000",883.0301,9.3948,11.1043,27.6648,-17.113,-1.6833,-0.1074,2.7377
53,"gr","http://client2:8000",657.645,-12.8799,-54.3973,59.0485,10.069,-1.0538,-0.0621,-0.934
53,"gr","http://client3:8000",680.1801,3.811,41.8154,-85.0081,8.9765,3.8891,0.269,-0.1228
54,"fn","http://client1:8000",882.9782,9.3516,11.1902,27.2354,-17.2729,-1.7037,-0.1079,2.3498
54,"fn","http://client2:8000",657.6583,-12.9855,-54.9406,59.9138,9.7573,-1.011,-0.0598,-1.1906
54,"fn","http://client3:8000",680.1847,3.7864,42.1951,-84.8591,8.6708,3.8302,0.2587,-0.2592
54,"gr","http://client1:8000",882.9782,9.3516,11.1902,27.2354,-17.2729,-1.7037,-0.1079,2.3498
54,"gr","http://client2:8000",657.6583,-12.9855,-54.9406,59.9138,9.7573,-1.011,-0.0598,-1.1906
54,"gr","http://client3:8000",680.1847,3.7864,42.1951,-84.8591,8.6708,3.8302,0.2587,-0.2592
55,"fn","http://client1:8000",883.4224,9.7018,16.7463,27.1465,-19.567,-0.711,-0.0397,4.0515
55,"fn","http://client2:8000",657.3649,-12.4873,-52.5445,60.5293,8.8056,-0.456,-0.0233,-0.2889
55,"fn","http://client3:8000",680.0709,4.0148,46.063,-85.8191,7.575,4.3025,0.2652,0.9135
55,"gr","http://client1:8000",883.4224,9.7018,16.7463,27.1465,-19.567,-0.711,-0.0397,4.0515
55,"gr","http://client2:8000",657.3649,-12.4873,-52.5445,60.5293,8.8056,-0.456,-0.0233,-0.2889
55,"gr","http://client3:8000",680.0709,4.0148,46.063,-85.8191,7.575,4.3025,0.2652,0.9135
56,"fn","http://client1:8000",883.1433,9.4687,13.0778,27.4106,-18.0813,-1.4236,-0.0869,2.8372
56,"fn","http://client2:8000",657.5405,-12.8245,-54.0233,60.266,9.4243,-0.8877,-0.051,-0.9637
56,"fn","http://client3:8000",680.1164,3.8678,43.5329,-85.1365,8.3242,3.8948,0.2532,0.0572
56,"gr","http://client1:8000",883.1433,9.4687,13.0778,27.4106,-18.0813,-1.4236,-0.0869,2.8372
56,"gr","http://client2:8000",657.5405,-12.8245,-54.0233,60.266,9.4243,-0.8877,-0.051,-0.9637
56,"gr","http://client3:8000",680.1164,3.8678,43.5329,-85.1365,8.3242,3.8948,0.2532,0.0572
57,"fn","http://client1:8000",883.1509,9.475,9.7627,29.2518,-18.2075,-1.6511,-0.0985,2.3663
57,"fn","http://client2:8000",657.6237,-12.6925,-56.9609,62.5464,9.2352,-0.8825,-0.05,-1.1347
57,"fn","http://client3:8000",679.9955,3.8544,40.5824,-83.0017,8.3761,3.5449,0.2214,-0.0972
57,"gr","http://client1:8000",883.1509,9.475,9.7627,29.2518,-18.2075,-1.6511,-0.0985,2.3663
57,"gr","http://client2:8000",657.6237,-12.6925,-56.9609,62.5464,9.2352,-0.8825,-0.05,-1.1347
57,"gr","http://client3:8000",679.9955,3.8544,40.5824,-83.0017,8.3761,3.5449,0.2214,-0.0972
58,"fn","http://client1:8000",883.1462,9.8985,12.9791,24.8591,-17.9124,-1.8514,-0.1087,1.5005
58,"fn","http://client2:8000",657.3706,-12.2791,-53.7704,59.0677,9.7246,-1.1597,-0.066,-1.8107
58,"fn","http://client3:8000",680.2279,4.1956,44.3135,-87.054,8.136,3.1493,0.1906,-0.7557
58,"gr","http://client1:8000",883.1462,9.8985,12.9791,24.8591,-17.9124,-1.8514,-0.1087,1.5005
58,"gr","http://client2:8000",657.3706,-12.2791,-53.7704,59.0677,9.7246,-1.1597,-0.066,-1.8107
58,"gr","http://client3:8000",680.2279,4.1956,44.3135,-87.054,8.136,3.1493,0.1906,-0.7557
59,"fn","http://client1:8000",883.2069,9.9451,12.7795,25.5581,-18.207,-1.6348,-0.0939,1.9469
59,"fn","http://client2:8000",657.3574,-12.1337,-54.3925,59.6979,9.6419,-0.9691,-0.0537,-1.4791
59,"fn","http://client3:8000",680.1704,4.2146,43.7293,-86.3975,8.1122,3.2688,0.194,-0.3928
59,"gr","http://client1:8000",883.2069,9.9451,12.7795,25.5581,-18.207,-1.6348,-0.0939,1.9469
59,"gr","http://client2:8000",657.3574,-12.1337,-54.3925,59.6979,9.6419,-0.9691,-0.0537,-1.4791
59,"gr","http://client3:8000",680.1704,4.2146,43.7293,-86.3975,8.1122,3.2688,0.194,-0.3928
60,"fn","http://client1:8000",883.3045,9.7735,11.5591,28.0846,-18.4969,-1.7795,-0.1008,1.9732
60,"fn","http://client2:8000",657.4221,-12.3099,-55.1539,61.4935,9.3664,-1.1001,-0.0607,-1.5081
60,"fn","http://client3:8000",679.9978,4.0873,42.4114,-84.6252,8.2476,3.0489,0.1778,-0.4545
60,"gr","http://client1:8000",883.3045,9.7735,11.5591,28.0846,-18.4969,-1.7795,-0.1008,1.9732
60,"gr","http://client2:8000",657.4221,-12.3099,-55.1539,61.4935,9.3664,-1.1001,-0.0607,-1.5081
60,"gr","http://client3:8000",679.9978,4.0873,42.4114,-84.6252,8.2476,3.0489,0.1778,-0.4545
61,"fn","http://client1:8000",883.3247,9.8636,11.8358,27.6915,-18.558,-1.7005,-0.0943,2.0407
61,"fn","http://client2:8000",657.3768,-12.1776,-55.0311,61.1937,9.4338,-1.0453,-0.0565,-1.4477
61,"fn","http://client3:8000",680.0136,4.1539,42.5932,-84.9879,8.2188,3.0072,0.1713,-0.3789
61,"gr","http://client1:8000",883.3247,9.8636,11.8358,27.6915,-18.558,-1.7005,-0.0943,2.0407
61,"gr","http://client2:8000",657.3768,-12.1776,-55.0311,61.1937,9.4338,-1.0453,-0.0565,-1.4477
61,"gr","http://client3:8000",680.0136,4.1539,42.5932,-84.9879,8.2188,3.0072,0.1713,-0.3789
62,"fn","http://client1:8000",883.2066,9.9821,11.8121,25.9469,-17.8701,-1.5185,-0.0798,2.1382
62,"fn","http://client2:8000",657.3287,-12.0428,-54.9838,59.5409,10.0705,-0.9027,-0.0463,-1.2406
62,"fn","http://client3:8000",680.1496,4.2712,42.438,-86.3002,8.5584,2.874,0.1546,-0.1659
62,"gr","http://client1:8000",883.2066,9.9821,11.8121,25.9469,-17.8701,-1.5185,-0.0798,2.1382
62,"gr","http://client2:8000",657.3287,-12.0428,-54.9838,59.5409,10.0705,-0.9027,-0.0463,-1.2406
62,"gr","http://client3:8000",680.1496,4.2712,42.438,-86.3002,8.5584,2.874,0.1546,-0.1659
63,"fn","http://client1:8000",883.1324,9.9011,12.7343,24.9955,-17.9642,-1.4674,-0.0747,2.1413
63,"fn","http://client2:8000",657.2953,-12.3632,-53.9767,58.5645,9.9641,-0.9526,-0.0476,-1.2604
63,"fn","http://client3:8000",680.2328,4.2525,43.4734,-87.6797,8.3371,2.7264,0.1416,-0.1843
63,"gr","http://client1:8000",883.1324,9.9011,12.7343,24.9955,-17.9642,-1.4674,-0.0747,2.1413
63,"gr","http://client2:8000",657.2953,-12.3632,-53.9767,58.5645,9.9641,-0.9526,-0.0476,-1.2604
63,"gr","http://client3:8000",680.2328,4.2525,43.4734,-87.6797,8.3371,2.7264,0.1416,-0.1843
64,"fn","http://client1:8000",882.9257,9.5082,10.8836,25.7732,-18.1687,-1.4018,-0.068,2.0505
64,"fn","http://client2:8000",657.4539,-13.1308,-55.7042,59.8566,9.3707,-0.868,-0.0415,-1.2014
64,"fn","http://client3:8000",680.2577,4.0084,42.0843,-86.9991,7.9696,2.5954,0.128,-0.0995
64,"gr","http://client1:8000",882.9257,9.5082,10.8836,25.7732,-18.1687,-1.4018,-0.068,2.0505
64,"gr","http://client2:8000",657.4539,-13.1308,-55.7042,59.8566,9.3707,-0.868,-0.0415,-1.2014
64,"gr","http://client3:8000",680.2577,4.0084,42.0843,-86.9991,7.9696,2.5954,0.128,-0.0995
65,"fn","http://client1:8000",882.9004,9.2306,11.9134,26.0356,-17.9805,-1.5536,-0.0745,1.7707
65,"fn","http://client2:8000",657.4904,-13.6392,-54.3112,59.8057,9.2698,-1.0972,-0.0522,-1.5318
65,"fn","http://client3:8000",680.2402,3.8523,43.2407,-87.3147,8.063,2.3724,0.1153,-0.4328
65,"gr","http://client1:8000",882.9004,9.2306,11.9134,26.0356,-17.9805,-1.5536,-0.0745,1.7707
65,"gr","http://client2:8000",657.4904,-13.6392,-54.3112,59.8057,9.2698,-1.0972,-0.0522,-1.5318
65,"gr","http://client3:8000",680.2402,3.8523,43.2407,-87.3147,8.063,2.3724,0.1153,-0.4328
66,"fn","http://client1:8000",883.042,8.867,14.5667,28.3081,-19.334,-0.5815,-0.0259,3.9807
66,"fn","http://client2:8000",657.5914,-14.0289,-54.8279,62.6859,8.2261,-0.3831,-0.0168,-0.1321
66,"fn","http://client3:8000",680.0856,3.5589,44.1204,-84.9955,7.5005,3.1268,0.1427,1.2723
66,"gr","http://client1:8000",883.042,8.867,14.5667,28.3081,-19.334,-0.5815,-0.0259,3.9807
66,"gr","http://client2:8000",657.5914,-14.0289,-54.8279,62.6859,8.2261,-0.3831,-0.0168,-0.1321
66,"gr","http://client3:8000",680.0856,3.5589,44.1204,-84.9955,7.5005,3.1268,0.1427,1.2723
67,"fn","http://client1:8000",882.9178,9.1699,12.2256,26.4557,-18.16,-1.4184,-0.0673,2.0667
67,"fn","http://client2:8000",657.503,-13.7061,-54.4041,60.28,9.1257,-0.999,-0.047,-1.347
67,"fn","http://client3:8000",680.2074,3.8051,43.3149,-86.9214,8.0049,2.4715,0.1189,-0.2068
67,"gr","http://client1:8000",882.9178,9.1699,12.2256,26.4557,-18.16,-1.4184,-0.0673,2.0667
67,"gr","http://client2:8000",657.503,-13.7061,-54.4041,60.28,9.1257,-0.999,-0.047,-1.347
67,"gr","http://client3:8000",680.2074,3.8051,43.3149,-86.9214,8.0049,2.4715,0.1189,-0.2068
68,"fn","http://client1:8000",882.8654,9.2324,12.2472,25.7141,-17.7455,-1.3322,-0.0627,2.0936
68,"fn","http://client2:8000",657.505,-13.5643,-54.6242,59.8877,9.4298,-0.896,-0.0417,-1.2717
68,"fn","http://client3:8000",680.2538,3.8483,43.2536,-87.0568,8.2066,2.5361,0.121,-0.1
68,"gr","http://client1:8000",882.8654,9.2324,12.2472,25.7141,-17.7455,-1.3322,-0.0627,2.0936
68,"gr","http://client2:8000",657.505,-13.5643,-54.6242,59.8877,9.4298,-0.896,-0.0417,-1.2717
68,"gr","http://client3:8000",680.2538,3.8483,43.2536,-87.0568,8.2066,2.5361,0.121,-0.1
69,"fn","http://client1:8000",882.9024,9.1636,10.409,27.5832,-17.3996,-1.4352,-0.0676,1.9257
69,"fn","http://client2:8000",657.6063,-13.4444,-56.2543,61.6801,9.5559,-0.8906,-0.0415,-1.345
69,"fn","http://client3:8000",680.1163,3.77,41.3655,-84.8158,8.6591,2.4902,0.1188,-0.1722
69,"gr","http://client1:8000",882.9024,9.1636,10.409,27.5832,-17.3996,-1.4352,-0.0676,1.9257
69,"gr","http://client2:8000",657.6063,-13.4444,-56.2543,61.6801,9.5559,-0.8906,-0.0415,-1.345
69,"gr","http://client3:8000",680.1163,3.77,41.3655,-84.8158,8.6591,2.4902,0.1188,-0.1722
70,"fn","http://client1:8000",882.8814,9.2015,11.4184,26.5572,-17.5892,-1.3786,-0.0649,2.0184
70,"fn","http://client2:8000",657.5499,-13.5103,-55.3596,60.6964,9.4875,-0.8935,-0.0416,-1.3043
70,"fn","http://client3:8000",680.1912,3.813,42.4028,-86.0468,8.4112,2.5154,0.12,-0.1322
70,"gr","http://client1:8000",882.8814,9.2015,11.4184,26.5572,-17.5892,-1.3786,-0.0649,2.0184
70,"gr","http://client2:8000",657.5499,-13.5103,-55.3596,60.6964,9.4875,-0.8935,-0.0416,-1.3043
70,"gr","http://client3:8000",680.1912,3.813,42.4028,-86.0468,8.4112,2.5154,0.12,-0.1322
71,"fn","http://client1:8000",882.8572,9.202,11.6489,26.1823,-17.3535,-1.3656,-0.0639,1.9612
71,"fn","http://client2:8000",657.5524,-13.4961,-55.2082,60.4813,9.6282,-0.8822,-0.0409,-1.3416
71,"fn","http://client3:8000",680.2115,3.8177,42.6212,-86.1836,8.5228,2.5094,0.119,-0.1523
71,"gr","http://client1:8000",882.8572,9.202,11.6489,26.1823,-17.3535,-1.3656,-0.0639,1.9612
71,"gr","http://client2:8000",657.5524,-13.4961,-55.2082,60.4813,9.6282,-0.8822,-0.0409,-1.3416
71,"gr","http://client3:8000",680.2115,3.8177,42.6212,-86.1836,8.5228,2.5094,0.119,-0.1523
72,"fn","http://client1:8000",882.8601,9.2341,12.0487,25.8231,-17.2836,-1.3667,-0.0636,1.8619
72,"fn","http://client2:8000",657.5372,-13.4434,-54.9427,60.346,9.6731,-0.8858,-0.0408,-1.4291
72,"fn","http://client3:8000",680.2218,3.8396,43.045,-86.369,8.5265,2.4922,0.1174,-0.2196
72,"gr","http://client1:8000",882.8601,9.2341,12.0487,25.8231,-17.2836,-1.3667,-0.0636,1.8619
72,"gr","http://client2:8000",657.5372,-13.4434,-54.9427,60.346,9.6731,-0.8858,-0.0408,-1.4291
72,"gr","http://client3:8000",680.2218,3.8396,43.045,-86.369,8.5265,2.4922,0.1174,-0.2196
73,"fn","http://client1:8000",882.8686,9.2485,12.2737,25.693,-17.4473,-1.3576,-0.0627,1.794
73,"fn","http://client2:8000",657.5266,-13.4415,-54.8836,60.4712,9.5391,-0.8784,-0.0402,-1.4919
73,"fn","http://client3:8000",680.2224,3.8463,43.3409,-86.4508,8.3727,2.4803,0.1158,-0.2629
73,"gr","http://client1:8000",882.8686,9.2485,12.2737,25.693,-17.4473,-1.3576,-0.0627,1.794
73,"gr","http://client2:8000",657.5266,-13.4415,-54.8836,60.4712,9.5391,-0.8784,-0.0402,-1.4919
73,"gr","http://client3:8000",680.2224,3.8463,43.3409,-86.4508,8.3727,2.4803,0.1158,-0.2629
74,"fn","http://client1:8000",882.8869,9.3289,12.1449,25.4806,-17.5694,-1.4249,-0.0657,1.6058
74,"fn","http://client2:8000",657.4974,-13.3485,-54.8466,60.3061,9.5034,-0.9257,-0.0423,-1.6183
74,"fn","http://client3:8000",680.2322,3.9,43.3867,-86.7266,8.263,2.4042,0.112,-0.4106
74,"gr","http://client1:8000",882.8869,9.3289,12.1449,25.4806,-17.5694,-1.4249,-0.0657,1.6058
74,"gr","http://client2:8000",657.4974,-13.3485,-54.8466,60.3061,9.5034,-0.9257,-0.0423,-1.6183
74,"gr","http://client3:8000",680.2322,3.9,43.3867,-86.7266,8.263,2.4042,0.112,-0.4106
75,"fn","http://client1:8000",882.857,9.1958,11.7188,25.9954,-17.8771,-1.4093,-0.0641,1.6008
75,"fn","http://client2:8000",657.5413,-13.6074,-55.2966,60.9558,9.1494,-0.9136,-0.0412,-1.6149
75,"fn","http://client3:8000",680.2172,3.8105,43.1054,-86.4077,8.0136,2.3744,0.1091,-0.3977
75,"gr","http://client1:8000",882.857,9.1958,11.7188,25.9954,-17.8771,-1.4093,-0.0641,1.6008
75,"gr","http://client2:8000",657.5413,-13.6074,-55.2966,60.9558,9.1494,-0.9136,-0.0412,-1.6149
75,"gr","http://client3:8000",680.2172,3.8105,43.1054,-86.4077,8.0136,2.3744,0.1091,-0.3977
76,"fn","http://client1:8000",882.8567,9.2246,11.8636,25.7739,-17.8148,-1.4061,-0.0639,1.6029
76,"fn","http://client2:8000",657.5284,-13.566,-55.1419,60.7136,9.2244,-0.9148,-0.0413,-1.6128
76,"fn","http://client3:8000",680.2299,3.8325,43.2314,-86.6015,8.0482,2.3732,0.109,-0.3983
76,"gr","http://client1:8000",882.8567,9.2246,11.8636,25.7739,-17.8148,-1.4061,-0.0639,1.6029
76,"gr","http://client2:8000",657.5284,-13.566,-55.1419,60.7136,9.2244,-0.9148,-0.0413,-1.6128
76,"gr","http://client3:8000",680.2299,3.8325,43.2314,-86.6015,8.0482,2.3732,0.109,-0.3983
77,"fn","http://client1:8000",882.852,9.2926,12.0945,25.2779,-17.5796,-1.4006,-0.0635,1.6055
77,"fn","http://client2:8000",657.5016,-13.4558,-54.8251,60.1075,9.4695,-0.9176,-0.0413,-1.6012
77,"fn","http://client3:8000",680.2596,3.886,43.4002,-87.0134,8.2034,2.353,0.1077,-0.398
77,"gr","http://client1:8000",882.852,9.2926,12.0945,25.2779,-17.5796,-1.4006,-0.0635,1.6055
77,"gr","http://client2:8000",657.5016,-13.4558,-54.8251,60.1075,9.4695,-0.9176,-0.0413,-1.6012
77,"gr","http://client3:8000",680.2596,3.886,43.4002,-87.0134,8.2034,2.353,0.1077,-0.398
78,"fn","http://client1:8000",882.8495,9.3371,12.1507,25.0237,-17.402,-1.3837,-0.0621,1.6167
78,"fn","http://client2:8000",657.4873,-13.3729,-54.7157,59.7788,9.6482,-0.906,-0.0403,-1.5804
78,"fn","http://client3:8000",680.274,3.9204,43.396,-87.1896,8.3344,2.3225,0.1052,-0.3826
78,"gr","http://client1:8000",882.8495,9.3371,12.1507,25.0237,-17.402,-1.3837,-0.0621,1.6167
78,"gr","http://client2:8000",657.4873,-13.3729,-54.7157,59.7788,9.6482,-0.906,-0.0403,-1.5804
78,"gr","http://client3:8000",680.274,3.9204,43.396,-87.1896,8.3344,2.3225,0.1052,-0.3826
79,"fn","http://client1:8000",882.7989,9.5052,13.5556,23.0966,-17.2891,-1.006,-0.0421,2.1943
79,"fn","http://client2:8000",657.4092,-13.1624,-54.1892,58.3096,9.9319,-0.6259,-0.026,-1.1193
79,"fn","http://client3:8000",680.4043,4.0499,44.3568,-88.5834,8.2793,2.4196,0.1022,0.1546
79,"gr","http://client1:8000",882.7989,9.5052,13.5556,23.0966,-17.2891,-1.006,-0.0421,2.1943
79,"gr","http://client2:8000",657.4092,-13.1624,-54.1892,58.3096,9.9319,-0.6259,-0.026,-1.1193
79,"gr","http://client3:8000",680.4043,4.0499,44.3568,-88.5834,8.2793,2.4196,0.1022,0.1546
80,"fn","http://client1:8000",882.8283,9.4092,12.6957,24.2165,-17.3021,-1.2394,-0.0537,1.8051
80,"fn","http://client2:8000",657.451,-13.284,-54.4348,59.1004,9.8092,-0.8043,-0.0346,-1.4256
80,"fn","http://client3:8000",680.3273,3.979,43.7795,-87.816,8.3544,2.3201,0.1014,-0.2039
80,"gr","http://client1:8000",882.8283,9.4092,12.6957,24.2165,-17.3021,-1.2394,-0.0537,1.8051
80,"gr","http://client2:8000",657.451,-13.284,-54.4348,59.1004,9.8092,-0.8043,-0.0346,-1.4256
80,"gr","http://client3:8000",680.3273,3.979,43.7795,-87.816,8.3544,2.3201,0.1014,-0.2039
81,"fn","http://client1:8000",882.917,9.458,11.4734,25.7904,-16.9405,-1.226,-0.0521,1.9735
81,"fn","http://client2:8000",657.488,-12.9677,-55.5041,60.1537,10.1694,-0.7476,-0.0315,-1.2746
81,"fn","http://client3:8000",680.2008,3.9865,42.1624,-86.0765,8.937,2.2826,0.0978,-0.066
81,"gr","http://client1:8000",882.917,9.458,11.4734,25.7904,-16.9405,-1.226,-0.0521,1.9735
81,"gr","http://client2:8000",657.488,-12.9677,-55.5041,60.1537,10.1694,-0.7476,-0.0315,-1.2746
81,"gr","http://client3:8000",680.2008,3.9865,42.1624,-86.0765,8.937,2.2826,0.0978,-0.066
82,"fn","http://client1:8000",882.8973,9.4127,12.1197,25.3642,-17.3301,-1.2233,-0.0523,1.9294
82,"fn","http://client2:8000",657.4708,-13.1574,-55.0289,60.0014,9.8289,-0.7724,-0.0328,-1.3442
82,"fn","http://client3:8000",680.2343,3.9627,42.9886,-86.709,8.5404,2.3045,0.0994,-0.1203
82,"gr","http://client1:8000",882.8973,9.4127,12.1197,25.3642,-17.3301,-1.2233,-0.0523,1.9294
82,"gr","http://client2:8000",657.4708,-13.1574,-55.0289,60.0014,9.8289,-0.7724,-0.0328,-1.3442
82,"gr","http://client3:8000",680.2343,3.9627,42.9886,-86.709,8.5404,2.3045,0.0994,-0.1203
83,"fn","http://client1:8000",882.9098,9.3874,12.2608,25.5306,-17.5903,-1.2053,-0.0514,1.9687
83,"fn","http://client2:8000",657.469,-13.2252,-55.0097,60.245,9.6235,-0.7663,-0.0324,-1.3371
83,"fn","http://client3:8000",680.2225,3.9429,43.1522,-86.6804,8.3593,2.3137,0.0995,-0.1027
83,"gr","http://client1:8000",882.9098,9.3874,12.2608,25.5306,-17.5903,-1.2053,-0.0514,1.9687
83,"gr","http://client2:8000",657.469,-13.2252,-55.0097,60.245,9.6235,-0.7663,-0.0324,-1.3371
83,"gr","http://client3:8000",680.2225,3.9429,43.1522,-86.6804,8.3593,2.3137,0.0995,-0.1027
84,"fn","http://client1:8000",882.9421,9.3709,12.2935,25.923,-17.8768,-1.1993,-0.0508,1.9942
84,"fn","http://client2:8000",657.4671,-13.2591,-55.0683,60.6615,9.4118,-0.7671,-0.0323,-1.3451
84,"fn","http://client3:8000",680.1909,3.9253,43.1931,-86.4609,8.201,2.3035,0.0984,-0.1032
84,"gr","http://client1:8000",882.9421,9.3709,12.2935,25.923,-17.8768,-1.1993,-0.0508,1.9942
84,"gr","http://client2:8000",657.4671,-13.2591,-55.0683,60.6615,9.4118,-0.7671,-0.0323,-1.3451
84,"gr","http://client3:8000",680.1909,3.9253,43.1931,-86.4609,8.201,2.3035,0.0984,-0.1032
85,"fn","http://client1:8000",882.9627,9.3742,12.2489,26.1266,-17.9963,-1.2153,-0.0512,1.9558
85,"fn","http://client2:8000",657.4638,-13.2539,-55.0991,60.863,9.3284,-0.7808,-0.0327,-1.3845
85,"fn","http://client3:8000",680.1727,3.9242,43.1801,-86.3428,8.1423,2.276,0.0968,-0.1443
85,"gr","http://client1:8000",882.9627,9.3742,12.2489,26.1266,-17.9963,-1.2153,-0.0512,1.9558
85,"gr","http://client2:8000",657.4638,-13.2539,-55.0991,60.863,9.3284,-0.7808,-0.0327,-1.3845
85,"gr","http://client3:8000",680.1727,3.9242,43.1801,-86.3428,8.1423,2.276,0.0968,-0.1443
86,"fn","http://client1:8000",883.0464,9.5243,13.0776,25.7503,-18.3505,-1.1917,-0.0491,1.922
86,"fn","http://client2:8000",657.3844,-13.0455,-54.4835,60.6141,9.2246,-0.7836,-0.0321,-1.4637
86,"fn","http://client3:8000",680.1679,4.0204,43.9923,-86.8449,7.9235,2.214,0.0918,-0.2121
86,"gr","http://client1:8000",883.0464,9.5243,13.0776,25.7503,-18.3505,-1.1917,-0.0491,1.922
86,"gr","http://client2:8000",657.3844,-13.0455,-54.4835,60.6141,9.2246,-0.7836,-0.0321,-1.4637
86,"gr","http://client3:8000",680.1679,4.0204,43.9923,-86.8449,7.9235,2.214,0.0918,-0.2121
87,"fn","http://client1:8000",883.0247,9.4256,11.6125,26.807,-18.1681,-1.2919,-0.0533,1.7237
87,"fn","http://client2:8000",657.4606,-13.1303,-55.5284,61.5186,9.2287,-0.8234,-0.0338,-1.5519
87,"fn","http://client3:8000",680.1123,3.9462,42.6806,-85.7614,8.1148,2.1386,0.0889,-0.3302
87,"gr","http://client1:8000",883.0247,9.4256,11.6125,26.807,-18.1681,-1.2919,-0.0533,1.7237
87,"gr","http://client2:8000",657.4606,-13.1303,-55.5284,61.5186,9.2287,-0.8234,-0.0338,-1.5519
87,"gr","http://client3:8000",680.1123,3.9462,42.6806,-85.7614,8.1148,2.1386,0.0889,-0.3302
88,"fn","http://client1:8000",883.0074,9.4662,12.0759,26.1762,-18.0491,-1.2652,-0.0523,1.756
88,"fn","http://client2:8000",657.4361,-13.0913,-55.1343,60.9363,9.355,-0.8128,-0.0334,-1.5289
88,"fn","http://client3:8000",680.1532,3.9811,43.1074,-86.2967,8.1411,2.1608,0.0899,-0.3025
88,"gr","http://client1:8000",883.0074,9.4662,12.0759,26.1762,-18.0491,-1.2652,-0.0523,1.756
88,"gr","http://client2:8000",657.4361,-13.0913,-55.1343,60.9363,9.355,-0.8128,-0.0334,-1.5289
88,"gr","http://client3:8000",680.1532,3.9811,43.1074,-86.2967,8.1411,2.1608,0.0899,-0.3025
89,"fn","http://client1:8000",882.9915,9.4872,12.1701,25.857,-17.9133,-1.2606,-0.0521,1.7426
89,"fn","http://client2:8000",657.4291,-13.0619,-55.0204,60.6323,9.4671,-0.8093,-0.0332,-1.5274
89,"fn","http://client3:8000",680.1756,3.9995,43.1972,-86.5209,8.2045,2.1608,0.0899,-0.3026
89,"gr","http://client1:8000",882.9915,9.4872,12.1701,25.857,-17.9133,-1.2606,-0.0521,1.7426
89,"gr","http://client2:8000",657.4291,-13.0619,-55.0204,60.6323,9.4671,-0.8093,-0.0332,-1.5274
89,"gr","http://client3:8000",680.1756,3.9995,43.1972,-86.5209,8.2045,2.1608,0.0899,-0.3026
90,"fn","http://client1:8000",882.9862,9.5262,12.2139,25.5885,-17.7921,-1.2532,-0.0515,1.7166
90,"fn","http://client2:8000",657.4186,-12.9933,-54.965,60.3924,9.5834,-0.8004,-0.0327,-1.5337
90,"fn","http://client3:8000",680.1911,4.0278,43.2321,-86.6757,8.2725,2.1453,0.0887,-0.3098
90,"gr","http://client1:8000",882.9862,9.5262,12.2139,25.5885,-17.7921,-1.2532,-0.0515,1.7166
90,"gr","http://client2:8000",657.4186,-12.9933,-54.965,60.3924,9.5834,-0.8004,-0.0327,-1.5337
90,"gr","http://client3:8000",680.1911,4.0278,43.2321,-86.6757,8.2725,2.1453,0.0887,-0.3098
